period,state,price,sales
2024-05-01,Alabama,14.73,2532.77
2024-05-01,Minnesota,15.69,1571.57
2024-05-01,Michigan,19.44,2477.25
2024-05-01,Massachusetts,28.7,1446.62
2024-05-01,Maryland,17.63,1858.94
2024-05-01,Maine,20.48,386.79
2024-05-01,Louisiana,11.49,2325.59
2024-05-01,Kentucky,12.94,1895.03
2024-05-01,Kansas,14.14,982.47
2024-05-01,Iowa,14.23,999.78
2024-05-01,Indiana,15.27,2326.71
2024-05-01,Illinois,16.71,3606.0
2024-05-01,Idaho,11.55,634.93
2024-05-01,Hawaii,44.14,211.29
2024-05-01,Georgia,14.92,4651.43
2024-05-01,Florida,13.63,12160.44
2024-05-01,District of Columbia,17.76,172.0
2024-05-01,Delaware,17.27,325.15
2024-05-01,Connecticut,26.76,882.42
2024-05-01,Colorado,14.74,1476.2
2024-05-01,U.S. Total,16.43,109075.79
2024-05-01,Pacific Noncontiguous,36.22,360.78
2024-05-01,Pacific Contiguous,25.07,9340.16
2024-05-01,Mountain,14.44,8161.82
2024-05-01,West South Central,13.85,17928.66
2024-05-01,East South Central,13.44,8769.39
2024-05-01,South Atlantic,14.46,30003.21
2024-05-01,West North Central,13.73,7305.29
2024-05-01,East North Central,17.07,13596.32
2024-05-01,Middle Atlantic,20.02,10207.89
2024-05-01,New England,26.4,3402.27
2024-05-01,Wyoming,12.81,202.44
2024-05-01,Wisconsin,17.82,1534.26
2024-05-01,West Virginia,15.98,683.88
2024-05-01,Washington,12.16,2717.96
2024-05-01,Virginia,15.02,3108.71
2024-05-01,Vermont,22.3,151.17
2024-05-01,Utah,11.01,769.59
2024-05-01,Texas,14.74,12605.56
2024-05-01,Tennessee,12.46,2950.8
2024-05-01,South Dakota,13.63,337.73
2024-05-01,South Carolina,14.07,2475.56
2024-05-01,Rhode Island,28.09,209.02
2024-05-01,Pennsylvania,18.1,4692.62
2024-05-01,Oregon,15.03,1351.71
2024-05-01,Oklahoma,11.7,1762.63
2024-05-01,Ohio,16.65,3652.1
2024-05-01,North Dakota,13.04,304.48
2024-05-01,North Carolina,14.18,4567.11
2024-05-01,New York,23.6,3370.65
2024-05-01,New Mexico,13.84,520.53
2024-05-01,New Jersey,18.58,2144.63
2024-05-01,New Hampshire,23.01,326.24
2024-05-01,Nevada,16.18,1070.87
2024-05-01,Nebraska,12.22,678.39
2024-05-01,Montana,13.26,395.94
2024-05-01,Missouri,12.62,2430.87
2024-05-01,Mississippi,13.86,1390.78
2024-05-01,California,34.31,5270.49
2024-05-01,Arkansas,12.27,1234.88
2024-05-01,Arizona,15.5,3091.32
2024-05-01,Alaska,25.02,149.49
2024-04-01,South Atlantic,15.0,24513.14
2024-04-01,Louisiana,12.08,1792.78
2024-04-01,Kentucky,13.0,1682.87
2024-04-01,Kansas,14.38,820.1
2024-04-01,Iowa,13.1,1033.92
2024-04-01,Indiana,15.33,2132.79
2024-04-01,Illinois,16.68,2813.0
2024-04-01,Idaho,11.45,662.8
2024-04-01,Hawaii,45.19,195.44
2024-04-01,Georgia,14.1,3841.53
2024-04-01,Florida,14.65,9148.37
2024-04-01,District of Columbia,17.85,156.1
2024-04-01,Delaware,18.28,340.69
2024-04-01,Connecticut,29.58,878.39
2024-04-01,Colorado,14.77,1375.83
2024-04-01,West North Central,13.3,7139.11
2024-04-01,East North Central,17.02,12257.96
2024-04-01,Middle Atlantic,19.78,10131.73
2024-04-01,New England,27.31,3506.85
2024-04-01,Wyoming,12.2,228.84
2024-04-01,California,34.26,5414.58
2024-04-01,Arkansas,12.6,1092.83
2024-04-01,Arizona,15.24,2290.19
2024-04-01,Alaska,24.89,163.53
2024-04-01,Alabama,15.85,1952.09
2024-04-01,Wisconsin,17.31,1558.15
2024-04-01,West Virginia,15.56,679.63
2024-04-01,Washington,11.84,3039.78
2024-04-01,Virginia,14.99,2781.6
2024-04-01,Vermont,21.85,162.15
2024-04-01,Utah,11.07,705.85
2024-04-01,Texas,15.02,9668.78
2024-04-01,Tennessee,12.76,2798.69
2024-04-01,South Dakota,12.84,391.26
2024-04-01,South Carolina,14.9,1986.0
2024-04-01,Rhode Island,27.93,211.09
2024-04-01,Pennsylvania,17.95,4778.21
2024-04-01,Oregon,14.6,1447.77
2024-04-01,Oklahoma,12.46,1378.13
2024-04-01,Ohio,16.75,3502.81
2024-04-01,North Dakota,11.33,363.05
2024-04-01,North Carolina,14.98,3851.09
2024-04-01,New York,22.97,3513.04
2024-04-01,New Mexico,14.29,455.63
2024-04-01,New Jersey,18.45,1840.48
2024-04-01,New Hampshire,23.0,342.77
2024-04-01,Nevada,16.59,801.74
2024-04-01,Nebraska,11.85,688.95
2024-04-01,Montana,12.52,437.87
2024-04-01,Missouri,12.52,2210.81
2024-04-01,Mississippi,14.64,1101.42
2024-04-01,Minnesota,15.08,1631.01
2024-04-01,Michigan,19.23,2251.21
2024-04-01,Massachusetts,29.5,1474.41
2024-04-01,Maryland,17.85,1728.13
2024-04-01,Maine,20.47,438.04
2024-04-01,U.S. Total,16.88,96236.19
2024-04-01,Pacific Noncontiguous,35.94,358.97
2024-04-01,Pacific Contiguous,24.5,9902.14
2024-04-01,Mountain,14.19,6958.74
2024-04-01,West South Central,14.2,13932.51
2024-04-01,East South Central,13.89,7535.05
2024-03-01,Texas,14.92,9391.62
2024-03-01,Massachusetts,29.66,1667.33
2024-03-01,Maryland,18.09,2074.9
2024-03-01,Maine,22.25,459.46
2024-03-01,Louisiana,12.38,1826.12
2024-03-01,Kentucky,13.01,1916.67
2024-03-01,Kansas,14.24,857.21
2024-03-01,Iowa,12.85,1148.62
2024-03-01,Indiana,14.53,2400.12
2024-03-01,Illinois,16.1,3077.35
2024-03-01,Idaho,11.07,832.88
2024-03-01,Hawaii,45.25,195.49
2024-03-01,Georgia,13.57,3954.81
2024-03-01,Florida,14.69,8963.92
2024-03-01,District of Columbia,17.65,176.75
2024-03-01,Delaware,16.6,443.9
2024-03-01,Connecticut,29.12,983.12
2024-03-01,Colorado,14.64,1543.81
2024-03-01,California,32.47,5918.23
2024-03-01,Arkansas,12.88,1205.05
2024-03-01,Arizona,14.95,2136.69
2024-03-01,Alaska,24.71,190.61
2024-03-01,Alabama,15.87,2062.75
2024-03-01,Ohio,16.28,3818.35
2024-03-01,North Dakota,10.44,480.59
2024-03-01,North Carolina,15.6,4085.0
2024-03-01,New York,23.64,3775.82
2024-03-01,New Mexico,14.49,480.69
2024-03-01,New Jersey,18.04,1825.92
2024-03-01,New Hampshire,22.43,382.82
2024-03-01,Nevada,16.82,768.96
2024-03-01,Nebraska,11.61,787.86
2024-03-01,Montana,12.22,522.3
2024-03-01,Missouri,12.56,2451.34
2024-03-01,Mississippi,14.24,1181.07
2024-03-01,Minnesota,14.69,1866.53
2024-03-01,Michigan,18.7,2571.98
2024-03-01,Tennessee,13.17,3068.4
2024-03-01,South Dakota,12.31,445.89
2024-03-01,South Carolina,14.88,2052.52
2024-03-01,Rhode Island,30.26,230.49
2024-03-01,Pennsylvania,17.6,5543.72
2024-03-01,Oregon,14.32,1776.25
2024-03-01,Oklahoma,11.83,1499.26
2024-03-01,U.S. Total,16.68,103974.49
2024-03-01,Pacific Noncontiguous,35.11,386.1
2024-03-01,Pacific Contiguous,22.94,11359.72
2024-03-01,Mountain,13.86,7370.91
2024-03-01,West South Central,14.08,13922.04
2024-03-01,East South Central,13.96,8228.88
2024-03-01,South Atlantic,15.03,25995.68
2024-03-01,West North Central,13.04,8038.05
2024-03-01,East North Central,16.48,13616.2
2024-03-01,Middle Atlantic,19.72,11145.47
2024-03-01,New England,27.6,3911.43
2024-03-01,Wyoming,11.68,279.34
2024-03-01,Wisconsin,16.96,1748.4
2024-03-01,West Virginia,15.31,864.88
2024-03-01,Washington,11.72,3665.24
2024-03-01,Virginia,14.72,3379.01
2024-03-01,Vermont,21.72,188.21
2024-03-01,Utah,11.0,806.24
2024-02-01,Rhode Island,30.97,247.67
2024-02-01,Idaho,11.26,872.04
2024-02-01,Hawaii,43.93,195.32
2024-02-01,Georgia,12.95,4776.34
2024-02-01,Florida,15.28,8871.49
2024-02-01,District of Columbia,17.1,204.41
2024-02-01,Delaware,15.73,463.24
2024-02-01,Connecticut,29.52,1053.54
2024-02-01,Iowa,12.15,1240.66
2024-02-01,Indiana,14.11,2876.18
2024-02-01,Illinois,15.72,3348.17
2024-02-01,Arizona,14.46,2194.99
2024-02-01,Alaska,22.88,210.5
2024-02-01,Alabama,14.98,2588.89
2024-02-01,Colorado,14.47,1621.53
2024-02-01,California,31.23,6305.04
2024-02-01,Arkansas,11.89,1686.97
2024-02-01,Maryland,17.6,2389.92
2024-02-01,Maine,24.95,473.61
2024-02-01,Louisiana,11.25,2331.22
2024-02-01,Kentucky,12.48,2314.06
2024-02-01,Kansas,13.74,991.66
2024-02-01,Pennsylvania,17.02,5972.39
2024-02-01,Oregon,14.23,1827.21
2024-02-01,Oklahoma,11.3,1738.95
2024-02-01,Ohio,15.77,4373.52
2024-02-01,North Dakota,10.5,469.35
2024-02-01,North Carolina,15.1,5042.03
2024-02-01,New York,24.23,4196.89
2024-02-01,New Mexico,14.14,561.55
2024-02-01,New Jersey,17.69,2150.49
2024-02-01,New Hampshire,23.76,417.05
2024-02-01,Nevada,16.69,801.15
2024-02-01,Nebraska,10.72,852.5
2024-02-01,Montana,11.96,612.08
2024-02-01,Missouri,11.43,2947.98
2024-02-01,Mississippi,13.19,1592.51
2024-02-01,Minnesota,14.36,1928.53
2024-02-01,Michigan,18.57,2578.06
2024-02-01,Massachusetts,29.25,1759.66
2024-02-01,U.S. Total,16.1,117715.6
2024-02-01,Pacific Noncontiguous,33.01,405.82
2024-02-01,Pacific Contiguous,22.3,11939.63
2024-02-01,Mountain,13.63,7791.95
2024-02-01,West South Central,13.36,17215.07
2024-02-01,East South Central,12.99,10729.96
2024-02-01,South Atlantic,14.76,29306.88
2024-02-01,West North Central,12.33,8921.63
2024-02-01,East North Central,16.06,14930.93
2024-02-01,Middle Atlantic,19.59,12319.78
2024-02-01,New England,27.99,4153.95
2024-02-01,Wyoming,11.47,293.15
2024-02-01,Wisconsin,16.93,1755.0
2024-02-01,West Virginia,13.98,1007.33
2024-02-01,Washington,11.4,3807.38
2024-02-01,Virginia,13.97,4026.31
2024-02-01,Vermont,21.22,202.41
2024-02-01,Utah,10.99,835.45
2024-02-01,Texas,14.31,11457.94
2024-02-01,Tennessee,11.98,4234.5
2024-02-01,South Dakota,11.79,490.96
2024-02-01,South Carolina,14.21,2525.81
2024-01-01,Maryland,17.48,2882.79
2024-01-01,Colorado,14.26,1831.3
2024-01-01,California,29.49,7557.23
2024-01-01,Arkansas,11.24,2092.56
2024-01-01,Arizona,14.11,2736.44
2024-01-01,Alaska,23.78,228.45
2024-01-01,Alabama,14.4,3496.03
2024-01-01,Hawaii,44.28,227.44
2024-01-01,Georgia,12.34,6214.46
2024-01-01,Florida,14.79,10086.16
2024-01-01,District of Columbia,16.83,221.96
2024-01-01,Maine,25.89,475.47
2024-01-01,Louisiana,10.82,2861.47
2024-01-01,Kentucky,12.27,2997.59
2024-01-01,Kansas,13.04,1411.38
2024-01-01,Iowa,11.85,1591.61
2024-01-01,Indiana,13.75,3475.66
2024-01-01,Illinois,14.93,4361.44
2024-01-01,Idaho,10.79,1092.26
2024-01-01,Delaware,15.53,485.47
2024-01-01,Connecticut,27.4,1274.12
2024-01-01,Mountain,13.33,9260.3
2024-01-01,West South Central,13.17,21589.92
2024-01-01,East South Central,12.83,13073.84
2024-01-01,South Atlantic,13.95,36285.09
2024-01-01,South Dakota,11.18,578.53
2024-01-01,South Carolina,13.54,3332.35
2024-01-01,Rhode Island,31.22,288.59
2024-01-01,Pennsylvania,17.39,5691.82
2024-01-01,Oregon,13.84,2265.58
2024-01-01,Oklahoma,11.16,2316.55
2024-01-01,West North Central,11.73,11854.51
2024-01-01,East North Central,15.65,18530.32
2024-01-01,Middle Atlantic,19.61,12689.84
2024-01-01,New England,27.32,4603.39
2024-01-01,Wyoming,10.86,371.98
2024-01-01,Wisconsin,16.46,2202.55
2024-01-01,West Virginia,13.64,1301.74
2024-01-01,Washington,11.09,4673.02
2024-01-01,Virginia,13.5,5063.6
2024-01-01,Vermont,20.98,229.32
2024-01-01,Utah,10.85,956.95
2024-01-01,Texas,14.25,14319.34
2024-01-01,Tennessee,12.05,4664.4
2024-01-01,Ohio,15.58,5373.8
2024-01-01,North Dakota,9.88,618.56
2024-01-01,North Carolina,13.07,6696.56
2024-01-01,New York,23.44,4437.97
2024-01-01,New Mexico,13.76,654.53
2024-01-01,New Jersey,17.9,2560.05
2024-01-01,New Hampshire,25.07,448.16
2024-01-01,Nevada,16.38,940.73
2024-01-01,Nebraska,9.85,1246.14
2024-01-01,Montana,11.98,676.1
2024-01-01,Missouri,10.82,4043.87
2024-01-01,Mississippi,12.72,1915.82
2024-01-01,Minnesota,14.04,2364.42
2024-01-01,U.S. Total,15.45,142838.92
2024-01-01,Pacific Noncontiguous,34.01,455.89
2024-01-01,Pacific Contiguous,21.11,14495.83
2024-01-01,Michigan,18.34,3116.87
2024-01-01,Massachusetts,28.34,1887.74
2023-12-01,East North Central,15.95,15593.56
2023-12-01,Kansas,12.96,1041.65
2023-12-01,Iowa,11.88,1370.5
2023-12-01,Indiana,14.58,2746.7
2023-12-01,Illinois,14.98,3625.92
2023-12-01,Idaho,11.6,998.66
2023-12-01,Hawaii,41.6,240.42
2023-12-01,Nebraska,10.58,956.62
2023-12-01,Montana,12.61,582.4
2023-12-01,Missouri,11.52,2982.53
2023-12-01,Mississippi,13.25,1421.98
2023-12-01,Minnesota,13.94,2081.81
2023-12-01,Michigan,18.55,2850.61
2023-12-01,Massachusetts,28.85,1603.03
2023-12-01,Maryland,17.46,2433.7
2023-12-01,Maine,28.04,419.59
2023-12-01,Georgia,12.79,5062.7
2023-12-01,Florida,15.26,9011.01
2023-12-01,District of Columbia,17.75,187.08
2023-12-01,Delaware,16.32,428.32
2023-12-01,Louisiana,11.4,2217.97
2023-12-01,Kentucky,12.21,2257.6
2023-12-01,Middle Atlantic,19.41,11513.21
2023-12-01,New England,27.51,4054.41
2023-12-01,Wyoming,11.21,294.12
2023-12-01,Wisconsin,16.48,1987.5
2023-12-01,West Virginia,13.37,1115.0
2023-12-01,Washington,11.0,3970.38
2023-12-01,Virginia,13.61,4237.24
2023-12-01,Connecticut,26.86,1158.56
2023-12-01,Colorado,14.15,1739.45
2023-12-01,California,29.11,6554.62
2023-12-01,Arkansas,11.61,1498.7
2023-12-01,Arizona,14.41,2403.66
2023-12-01,Alaska,24.7,211.11
2023-12-01,Alabama,14.13,2695.51
2023-12-01,Vermont,21.09,209.35
2023-12-01,Utah,10.86,937.12
2023-12-01,Texas,14.58,10743.56
2023-12-01,Tennessee,12.18,3502.21
2023-12-01,South Dakota,11.69,470.09
2023-12-01,South Carolina,13.61,2762.48
2023-12-01,Rhode Island,30.88,238.16
2023-12-01,Pennsylvania,17.53,4924.75
2023-12-01,Oregon,12.56,2006.72
2023-12-01,Oklahoma,10.99,1883.33
2023-12-01,Ohio,15.69,4382.83
2023-12-01,North Dakota,10.23,502.76
2023-12-01,North Carolina,13.22,5583.16
2023-12-01,New York,22.52,4300.17
2023-12-01,New Mexico,13.65,602.38
2023-12-01,New Jersey,17.59,2288.29
2023-12-01,New Hampshire,24.98,425.73
2023-12-01,Nevada,15.55,902.76
2023-12-01,U.S. Total,15.73,119052.48
2023-12-01,Pacific Noncontiguous,33.7,451.53
2023-12-01,Pacific Contiguous,20.72,12531.72
2023-12-01,Mountain,13.46,8460.54
2023-12-01,West South Central,13.46,16343.56
2023-12-01,East South Central,12.87,9877.3
2023-12-01,South Atlantic,14.24,30820.69
2023-12-01,West North Central,12.11,9405.96
2023-11-01,East South Central,13.53,7984.2
2023-11-01,Ohio,15.76,3701.46
2023-11-01,North Dakota,10.73,451.85
2023-11-01,North Carolina,13.63,4446.31
2023-11-01,New York,22.95,3614.03
2023-11-01,New Mexico,14.52,503.59
2023-11-01,New Jersey,17.53,1953.21
2023-11-01,New Hampshire,25.85,349.36
2023-11-01,Nevada,17.11,805.16
2023-11-01,Nebraska,11.36,727.58
2023-11-01,Washington,11.08,3295.6
2023-11-01,Virginia,13.99,3426.23
2023-11-01,Vermont,21.57,182.41
2023-11-01,Utah,11.03,794.94
2023-11-01,Texas,14.6,10014.85
2023-11-01,Tennessee,12.68,2790.22
2023-11-01,South Dakota,12.12,393.65
2023-11-01,South Carolina,14.11,2188.8
2023-11-01,Rhode Island,31.23,221.78
2023-11-01,Pennsylvania,18.12,4066.58
2023-11-01,Oregon,12.94,1718.21
2023-11-01,Oklahoma,12.08,1493.51
2023-11-01,Montana,12.61,461.3
2023-11-01,Missouri,12.19,2436.37
2023-11-01,Mississippi,13.65,1206.19
2023-11-01,Minnesota,14.36,1743.46
2023-11-01,Michigan,18.44,2532.01
2023-11-01,Massachusetts,28.31,1401.9
2023-11-01,South Atlantic,14.62,26622.45
2023-11-01,West North Central,12.72,7697.18
2023-11-01,East North Central,16.2,13450.01
2023-11-01,Middle Atlantic,19.81,9633.83
2023-11-01,New England,27.55,3521.48
2023-11-01,Wyoming,11.56,237.8
2023-11-01,Wisconsin,16.75,1687.54
2023-11-01,West Virginia,14.44,851.36
2023-11-01,Connecticut,26.95,974.17
2023-11-01,Colorado,14.61,1413.49
2023-11-01,California,29.41,6224.36
2023-11-01,Arkansas,12.11,1210.24
2023-11-01,Arizona,14.53,2105.81
2023-11-01,Alaska,24.08,180.01
2023-11-01,Alabama,14.89,2169.83
2023-11-01,Maryland,17.38,2033.89
2023-11-01,Maine,28.51,391.87
2023-11-01,Louisiana,11.37,2013.56
2023-11-01,Kentucky,13.13,1817.96
2023-11-01,Kansas,13.26,909.37
2023-11-01,Iowa,12.81,1034.9
2023-11-01,Indiana,14.64,2389.56
2023-11-01,Illinois,15.79,3139.43
2023-11-01,Idaho,11.55,813.31
2023-11-01,Hawaii,43.53,232.65
2023-11-01,Georgia,13.18,4142.59
2023-11-01,Florida,15.38,9061.47
2023-11-01,District of Columbia,16.93,162.47
2023-11-01,Delaware,17.23,309.32
2023-11-01,U.S. Total,16.19,102427.52
2023-11-01,Pacific Noncontiguous,35.04,412.67
2023-11-01,Pacific Contiguous,21.52,11238.17
2023-11-01,Mountain,13.89,7135.39
2023-11-01,West South Central,13.69,14732.16
2023-10-01,Pacific Contiguous,20.83,10065.31
2023-10-01,Oklahoma,13.27,1603.85
2023-10-01,Colorado,14.54,1449.19
2023-10-01,California,26.73,6037.12
2023-10-01,Arkansas,12.71,1306.1
2023-10-01,Arizona,14.52,2979.16
2023-10-01,Alaska,23.98,160.72
2023-10-01,Alabama,15.02,2153.52
2023-10-01,Oregon,13.24,1382.74
2023-10-01,Florida,15.48,11089.95
2023-10-01,District of Columbia,17.93,159.78
2023-10-01,Delaware,17.45,324.53
2023-10-01,Connecticut,28.98,835.89
2023-10-01,Mountain,13.9,7754.98
2023-10-01,West South Central,14.05,18453.74
2023-10-01,East South Central,13.5,8179.63
2023-10-01,South Atlantic,15.11,26791.31
2023-10-01,West North Central,13.29,7140.83
2023-10-01,East North Central,16.55,12654.97
2023-10-01,Middle Atlantic,19.71,9069.14
2023-10-01,New England,28.16,3257.52
2023-10-01,Wyoming,12.47,197.34
2023-10-01,Wisconsin,17.05,1591.78
2023-10-01,West Virginia,15.07,658.12
2023-10-01,Ohio,16.03,3503.24
2023-10-01,North Dakota,11.66,340.21
2023-10-01,North Carolina,14.75,3872.73
2023-10-01,New York,22.06,3656.21
2023-10-01,New Mexico,14.5,511.32
2023-10-01,New Jersey,17.5,1878.71
2023-10-01,New Hampshire,25.77,317.52
2023-10-01,Washington,11.34,2645.45
2023-10-01,Virginia,14.27,2836.65
2023-10-01,Vermont,22.11,158.59
2023-10-01,Utah,11.22,746.83
2023-10-01,Texas,14.69,13069.21
2023-10-01,Tennessee,12.57,2911.62
2023-10-01,South Dakota,12.99,342.63
2023-10-01,South Carolina,14.47,2096.51
2023-10-01,Rhode Island,31.74,218.69
2023-10-01,Pennsylvania,18.44,3534.23
2023-10-01,Nevada,14.63,887.11
2023-10-01,Nebraska,11.77,690.63
2023-10-01,Montana,12.96,365.98
2023-10-01,Missouri,12.41,2267.83
2023-10-01,Mississippi,13.67,1430.79
2023-10-01,Minnesota,15.29,1601.04
2023-10-01,Michigan,19.06,2389.05
2023-10-01,Massachusetts,28.09,1380.88
2023-10-01,Maryland,18.4,1657.87
2023-10-01,Maine,29.12,345.96
2023-10-01,Louisiana,11.92,2474.59
2023-10-01,Kentucky,12.99,1683.7
2023-10-01,Kansas,13.72,924.1
2023-10-01,Iowa,13.37,974.39
2023-10-01,Indiana,15.17,2183.09
2023-10-01,Illinois,15.88,2987.8
2023-10-01,Idaho,12.15,618.05
2023-10-01,Hawaii,42.68,239.29
2023-10-01,Georgia,13.75,4095.17
2023-10-01,U.S. Total,16.2,103767.45
2023-10-01,Pacific Noncontiguous,35.17,400.01
2023-09-01,Minnesota,15.29,1794.4
2023-09-01,Florida,15.51,13777.15
2023-09-01,District of Columbia,16.23,267.54
2023-09-01,Delaware,15.83,479.38
2023-09-01,Maine,26.85,401.1
2023-09-01,Louisiana,11.39,3608.41
2023-09-01,Kentucky,12.43,2126.26
2023-09-01,Kansas,13.46,1362.21
2023-09-01,Iowa,14.03,1158.13
2023-09-01,Connecticut,29.28,1048.76
2023-09-01,Colorado,15.03,1733.06
2023-09-01,California,29.99,7923.9
2023-09-01,Arkansas,12.67,1878.41
2023-09-01,Arizona,14.39,3878.05
2023-09-01,Alaska,24.5,144.23
2023-09-01,Alabama,14.83,3067.36
2023-09-01,Indiana,14.1,2678.83
2023-09-01,Illinois,14.84,3656.5
2023-09-01,Idaho,11.6,610.51
2023-09-01,Hawaii,41.52,226.76
2023-09-01,Georgia,14.01,5598.23
2023-09-01,South Atlantic,14.98,34660.4
2023-09-01,West North Central,14.01,8887.33
2023-09-01,East North Central,16.02,14672.92
2023-09-01,Middle Atlantic,20.15,11527.6
2023-09-01,New England,27.44,4063.08
2023-09-01,Wyoming,12.64,183.95
2023-09-01,Wisconsin,17.32,1728.5
2023-09-01,West Virginia,14.38,706.73
2023-09-01,Washington,11.38,2386.99
2023-09-01,Virginia,14.79,3579.69
2023-09-01,Maryland,16.96,2215.58
2023-09-01,Utah,11.85,906.82
2023-09-01,Texas,14.55,18808.85
2023-09-01,Tennessee,11.85,4065.46
2023-09-01,South Dakota,13.05,395.06
2023-09-01,South Carolina,14.52,2862.05
2023-09-01,Rhode Island,26.9,291.76
2023-09-01,Pennsylvania,18.02,4305.99
2023-09-01,Oregon,13.13,1282.96
2023-09-01,Oklahoma,13.25,2332.54
2023-09-01,Ohio,15.7,4060.88
2023-09-01,North Dakota,12.77,310.17
2023-09-01,North Carolina,14.09,5174.05
2023-09-01,East South Central,12.99,11352.39
2023-09-01,U.S. Total,16.29,133320.4
2023-09-01,Pacific Noncontiguous,34.91,370.99
2023-09-01,Pacific Contiguous,24.29,11593.84
2023-09-01,Mountain,14.39,9563.65
2023-09-01,West South Central,13.87,26628.21
2023-09-01,New York,23.33,4629.23
2023-09-01,New Mexico,15.25,650.93
2023-09-01,New Jersey,18.01,2592.38
2023-09-01,New Hampshire,23.31,386.74
2023-09-01,Nevada,16.94,1215.04
2023-09-01,Vermont,21.21,166.75
2023-09-01,Michigan,19.35,2548.2
2023-09-01,Massachusetts,28.07,1767.96
2023-09-01,Mississippi,13.05,2093.31
2023-09-01,Missouri,14.23,2993.31
2023-09-01,Montana,13.18,385.3
2023-09-01,Nebraska,12.4,874.04
2023-08-01,Nebraska,12.26,1042.48
2023-08-01,Middle Atlantic,19.76,13738.13
2023-08-01,New England,27.16,4671.98
2023-08-01,Wyoming,12.44,216.86
2023-08-01,Wisconsin,17.1,2205.53
2023-08-01,West Virginia,14.23,917.67
2023-08-01,Washington,11.14,2840.55
2023-08-01,Virginia,13.95,4683.15
2023-08-01,Iowa,15.06,1472.57
2023-08-01,Indiana,14.15,3282.72
2023-08-01,Illinois,13.94,4840.32
2023-08-01,Idaho,11.63,818.61
2023-08-01,Hawaii,39.17,243.7
2023-08-01,Georgia,14.14,7066.41
2023-08-01,Florida,14.93,15450.62
2023-08-01,District of Columbia,16.4,242.12
2023-08-01,Delaware,15.66,536.04
2023-08-01,Montana,12.96,481.27
2023-08-01,Missouri,14.43,3716.84
2023-08-01,Mississippi,12.9,2347.83
2023-08-01,Minnesota,15.46,2266.46
2023-08-01,Michigan,19.44,3068.82
2023-08-01,Massachusetts,27.83,2036.65
2023-08-01,Maryland,16.35,2642.55
2023-08-01,Maine,25.43,445.78
2023-08-01,Louisiana,11.04,4063.58
2023-08-01,Kentucky,12.16,2639.93
2023-08-01,Kansas,13.57,1727.79
2023-08-01,North Dakota,12.5,368.08
2023-08-01,Rhode Island,27.58,316.66
2023-08-01,Pennsylvania,17.88,5102.89
2023-08-01,Oregon,12.97,1699.09
2023-08-01,Oklahoma,13.29,2935.24
2023-08-01,Ohio,15.74,5022.78
2023-08-01,Connecticut,27.89,1254.28
2023-08-01,Colorado,14.43,2283.89
2023-08-01,California,29.84,9858.22
2023-08-01,Arkansas,12.45,2195.25
2023-08-01,Arizona,13.82,5281.55
2023-08-01,Alaska,25.07,146.59
2023-08-01,Alabama,14.14,3773.73
2023-08-01,U.S. Total,15.93,162030.77
2023-08-01,Pacific Noncontiguous,33.87,390.29
2023-08-01,Pacific Contiguous,24.16,14397.86
2023-08-01,Mountain,13.94,12933.55
2023-08-01,West South Central,13.45,31374.56
2023-08-01,East South Central,12.8,13255.7
2023-08-01,South Atlantic,14.38,41791.03
2023-08-01,West North Central,14.26,11057.49
2023-08-01,East North Central,15.76,18420.18
2023-08-01,Vermont,20.45,180.21
2023-08-01,Utah,11.67,1262.37
2023-08-01,Texas,14.01,22180.49
2023-08-01,Tennessee,11.99,4494.21
2023-08-01,South Dakota,12.99,463.27
2023-08-01,South Carolina,13.82,3745.07
2023-08-01,Nevada,16.47,1739.98
2023-08-01,New Hampshire,26.18,438.4
2023-08-01,New Jersey,18.5,3278.33
2023-08-01,New Mexico,14.71,849.02
2023-08-01,New York,22.33,5356.92
2023-08-01,North Carolina,13.04,6507.4
2023-07-01,Indiana,14.48,3337.07
2023-07-01,U.S. Total,15.89,160085.14
2023-07-01,Middle Atlantic,19.73,14872.73
2023-07-01,New England,26.97,4989.06
2023-07-01,Wyoming,12.41,217.63
2023-07-01,Wisconsin,16.94,2254.83
2023-07-01,West Virginia,14.1,932.32
2023-07-01,Washington,11.16,2704.19
2023-07-01,Virginia,13.97,4470.18
2023-07-01,Vermont,20.44,203.81
2023-07-01,Utah,11.73,1391.05
2023-07-01,Texas,13.8,20218.44
2023-07-01,Tennessee,12.31,4206.66
2023-07-01,South Dakota,13.23,414.26
2023-07-01,South Carolina,13.61,3744.81
2023-07-01,Rhode Island,25.79,370.44
2023-07-01,Pennsylvania,17.94,5327.87
2023-07-01,Pacific Noncontiguous,34.27,375.51
2023-07-01,Pacific Contiguous,23.34,12698.66
2023-07-01,Oregon,13.12,1685.66
2023-07-01,Oklahoma,12.46,2935.36
2023-07-01,Ohio,15.85,5251.41
2023-07-01,Mountain,14.05,13899.38
2023-07-01,West South Central,13.24,28933.73
2023-07-01,East South Central,13.05,12651.3
2023-07-01,South Atlantic,14.33,41431.38
2023-07-01,West North Central,14.37,10840.54
2023-07-01,East North Central,16.13,19392.84
2023-07-01,Illinois,14.93,5017.69
2023-07-01,Idaho,11.82,904.38
2023-07-01,Hawaii,39.98,233.42
2023-07-01,Georgia,14.35,7045.56
2023-07-01,Florida,14.97,14861.8
2023-07-01,District of Columbia,16.55,250.24
2023-07-01,Delaware,15.1,526.02
2023-07-01,Connecticut,26.63,1517.12
2023-07-01,Colorado,14.16,2137.76
2023-07-01,California,29.38,8308.81
2023-07-01,Arkansas,12.51,2005.6
2023-07-01,Arizona,14.12,5786.96
2023-07-01,Alaska,24.88,142.09
2023-07-01,Alabama,14.43,3623.51
2023-07-01,North Dakota,12.57,348.59
2023-07-01,North Carolina,12.7,6712.57
2023-07-01,New York,22.33,5575.64
2023-07-01,New Mexico,14.69,886.11
2023-07-01,New Jersey,18.47,3969.23
2023-07-01,New Hampshire,29.26,477.05
2023-07-01,Nevada,16.32,2153.33
2023-07-01,Nebraska,12.43,1018.01
2023-07-01,Montana,13.1,422.17
2023-07-01,Missouri,14.63,3824.8
2023-07-01,Mississippi,13.02,2145.08
2023-07-01,Minnesota,15.45,2113.46
2023-07-01,Michigan,19.32,3531.85
2023-07-01,Massachusetts,27.39,2009.0
2023-07-01,Maryland,16.03,2887.89
2023-07-01,Maine,27.79,411.63
2023-07-01,Louisiana,11.23,3774.32
2023-07-01,Kentucky,12.37,2676.05
2023-07-01,Kansas,13.7,1686.82
2023-07-01,Iowa,15.07,1434.6
2023-06-01,South Carolina,14.17,2658.42
2023-06-01,Delaware,16.0,385.09
2023-06-01,Connecticut,31.82,921.45
2023-06-01,Colorado,14.67,1553.21
2023-06-01,California,31.25,5972.45
2023-06-01,Arkansas,12.44,1546.96
2023-06-01,Arizona,14.28,3651.1
2023-06-01,Alaska,24.72,138.99
2023-06-01,Alabama,14.63,2874.06
2023-06-01,New York,21.71,3855.23
2023-06-01,New Mexico,13.89,622.09
2023-06-01,New Jersey,18.23,2555.34
2023-06-01,New Hampshire,29.78,341.2
2023-06-01,Nevada,17.39,1222.17
2023-06-01,Nebraska,12.06,893.2
2023-06-01,Montana,13.19,358.28
2023-06-01,Missouri,14.28,3109.0
2023-06-01,Mississippi,13.46,1687.57
2023-06-01,Minnesota,15.54,2037.7
2023-06-01,Michigan,19.26,2790.86
2023-06-01,Massachusetts,27.18,1447.27
2023-06-01,Maryland,16.99,1969.07
2023-06-01,Maine,27.61,339.91
2023-06-01,Louisiana,11.23,2953.89
2023-06-01,Kentucky,12.49,2002.53
2023-06-01,Kansas,13.54,1356.78
2023-06-01,Iowa,15.0,1268.27
2023-06-01,Indiana,14.67,2591.89
2023-06-01,Illinois,15.17,3956.22
2023-06-01,Idaho,11.78,636.87
2023-06-01,Hawaii,41.74,212.3
2023-06-01,Georgia,14.62,5239.67
2023-06-01,Florida,15.26,12459.43
2023-06-01,District of Columbia,16.45,194.47
2023-06-01,Rhode Island,25.97,232.05
2023-06-01,Pennsylvania,18.39,3739.37
2023-06-01,Oregon,13.08,1370.07
2023-06-01,Oklahoma,12.63,2202.06
2023-06-01,Ohio,16.35,3862.03
2023-06-01,North Dakota,12.3,357.75
2023-06-01,U.S. Total,16.11,121568.1
2023-06-01,Pacific Noncontiguous,35.01,351.28
2023-06-01,Pacific Contiguous,23.66,9819.83
2023-06-01,North Carolina,12.9,4946.61
2023-06-01,Mountain,14.21,9095.85
2023-06-01,West South Central,13.54,22384.47
2023-06-01,East South Central,13.25,9903.21
2023-06-01,South Atlantic,14.8,31904.85
2023-06-01,West North Central,14.21,9423.91
2023-06-01,East North Central,16.38,15094.89
2023-06-01,Middle Atlantic,19.61,10149.94
2023-06-01,New England,28.36,3439.86
2023-06-01,Wyoming,12.62,184.75
2023-06-01,Wisconsin,17.06,1893.89
2023-06-01,West Virginia,14.47,667.74
2023-06-01,Washington,11.21,2477.32
2023-06-01,Virginia,15.21,3384.35
2023-06-01,Vermont,21.0,157.98
2023-06-01,Utah,11.45,867.39
2023-06-01,Texas,14.22,15681.56
2023-06-01,Tennessee,12.42,3339.05
2023-06-01,South Dakota,13.19,401.22
2023-05-01,Rhode Island,26.9,175.97
2023-05-01,U.S. Total,16.15,100479.27
2023-05-01,Pacific Noncontiguous,34.98,362.33
2023-05-01,Pacific Contiguous,22.12,9747.22
2023-05-01,Mountain,13.93,8152.63
2023-05-01,Michigan,18.56,2338.43
2023-05-01,Massachusetts,29.07,1292.69
2023-05-01,Maryland,16.08,1663.99
2023-05-01,Maine,29.24,332.85
2023-05-01,Louisiana,11.69,2144.12
2023-05-01,Pennsylvania,18.45,3447.62
2023-05-01,Oregon,12.95,1402.44
2023-05-01,Oklahoma,11.83,1638.88
2023-05-01,Ohio,15.66,3434.9
2023-05-01,North Dakota,11.7,317.48
2023-05-01,North Carolina,13.22,3932.92
2023-05-01,New York,20.47,3385.86
2023-05-01,New Mexico,13.3,508.22
2023-05-01,New Jersey,17.17,1862.09
2023-05-01,New Hampshire,30.67,312.71
2023-05-01,Nevada,17.43,1077.87
2023-05-01,Nebraska,11.88,696.29
2023-05-01,Montana,12.82,383.76
2023-05-01,Missouri,12.46,2380.97
2023-05-01,Mississippi,14.09,1228.1
2023-05-01,Minnesota,15.16,1645.33
2023-05-01,Kentucky,12.53,1729.69
2023-05-01,Kansas,14.09,974.59
2023-05-01,West South Central,13.71,16229.65
2023-05-01,Iowa,14.18,999.96
2023-05-01,Indiana,15.12,2203.08
2023-05-01,Illinois,17.94,2934.56
2023-05-01,Idaho,10.79,626.63
2023-05-01,Hawaii,42.26,210.71
2023-05-01,Georgia,14.0,4204.01
2023-05-01,Florida,15.11,10805.64
2023-05-01,District of Columbia,16.97,151.98
2023-05-01,Delaware,16.65,278.81
2023-05-01,Connecticut,31.34,824.96
2023-05-01,Colorado,14.37,1462.07
2023-05-01,California,29.8,5596.66
2023-05-01,Arkansas,12.31,1169.58
2023-05-01,Arizona,14.3,3098.22
2023-05-01,Alaska,24.86,151.62
2023-05-01,Alabama,14.51,2227.49
2023-05-01,East South Central,13.27,7881.04
2023-05-01,South Atlantic,14.69,26511.17
2023-05-01,West North Central,13.45,7367.07
2023-05-01,East North Central,16.85,12446.01
2023-05-01,Middle Atlantic,18.96,8695.57
2023-05-01,New England,29.35,3086.57
2023-05-01,Wyoming,11.93,199.83
2023-05-01,Wisconsin,17.33,1535.03
2023-05-01,West Virginia,14.63,665.79
2023-05-01,Washington,11.17,2748.13
2023-05-01,Virginia,15.27,2619.69
2023-05-01,Vermont,21.03,147.39
2023-05-01,Utah,10.84,796.03
2023-05-01,Texas,14.51,11277.06
2023-05-01,Tennessee,12.34,2695.77
2023-05-01,South Dakota,12.99,352.44
2023-05-01,South Carolina,14.38,2188.34
2023-04-01,Connecticut,34.45,838.67
2023-04-01,U.S. Total,16.1,96541.92
2023-04-01,Pacific Noncontiguous,34.49,378.84
2023-04-01,Pacific Contiguous,21.27,10647.93
2023-04-01,Mountain,13.42,7270.55
2023-04-01,West South Central,13.45,13780.62
2023-04-01,East South Central,13.07,7624.26
2023-04-01,South Atlantic,14.73,25339.1
2023-04-01,West North Central,12.69,7331.66
2023-04-01,East North Central,16.55,12241.74
2023-04-01,Middle Atlantic,18.74,8694.6
2023-04-01,New England,31.1,3232.61
2023-04-01,Wyoming,11.21,252.93
2023-04-01,Wisconsin,16.87,1626.21
2023-04-01,West Virginia,14.41,690.58
2023-04-01,Washington,10.95,3252.0
2023-04-01,Virginia,14.65,2896.22
2023-04-01,Vermont,20.74,157.57
2023-04-01,Utah,10.84,756.22
2023-04-01,Texas,14.19,9393.12
2023-04-01,Tennessee,11.93,2840.07
2023-04-01,South Dakota,11.79,430.91
2023-04-01,South Carolina,14.3,2022.34
2023-04-01,Rhode Island,23.57,190.69
2023-04-01,Pennsylvania,18.36,3617.53
2023-04-01,Oregon,12.5,1625.72
2023-04-01,Oklahoma,12.39,1366.88
2023-04-01,Ohio,15.03,3383.51
2023-04-01,North Dakota,10.24,411.28
2023-04-01,North Carolina,13.21,3796.32
2023-04-01,New York,19.81,3401.31
2023-04-01,New Mexico,13.79,458.83
2023-04-01,New Jersey,17.39,1675.75
2023-04-01,New Hampshire,30.87,324.92
2023-04-01,Nevada,17.59,818.32
2023-04-01,Colorado,13.56,1414.87
2023-04-01,California,29.56,5770.22
2023-04-01,Arkansas,12.34,1117.35
2023-04-01,Arizona,14.11,2363.35
2023-04-01,Alaska,23.38,166.36
2023-04-01,Alabama,14.49,1975.33
2023-04-01,District of Columbia,15.24,167.21
2023-04-01,Nebraska,11.3,719.12
2023-04-01,Montana,12.28,472.42
2023-04-01,Missouri,12.0,2203.09
2023-04-01,Mississippi,14.08,1154.31
2023-04-01,Minnesota,14.54,1719.65
2023-04-01,Michigan,18.25,2334.76
2023-04-01,Massachusetts,32.06,1337.4
2023-04-01,Maryland,15.91,1727.16
2023-04-01,Maine,28.64,383.35
2023-04-01,Louisiana,11.17,1903.26
2023-04-01,Kentucky,12.61,1654.55
2023-04-01,Kansas,13.83,826.5
2023-04-01,Iowa,12.51,1021.11
2023-04-01,Indiana,15.08,2121.99
2023-04-01,Illinois,17.89,2775.28
2023-04-01,Idaho,10.24,733.62
2023-04-01,Hawaii,43.18,212.49
2023-04-01,Georgia,13.3,3773.76
2023-04-01,Florida,15.75,9934.1
2023-04-01,Delaware,15.49,331.42
2023-03-01,Indiana,16.01,2569.11
2023-03-01,New England,31.12,3855.06
2023-03-01,Wyoming,10.62,317.7
2023-03-01,Wisconsin,16.34,1904.76
2023-03-01,West Virginia,14.25,958.37
2023-03-01,Washington,10.78,4109.22
2023-03-01,Virginia,14.74,3488.26
2023-03-01,Vermont,20.38,189.54
2023-03-01,U.S. Total,15.91,110791.76
2023-03-01,Pacific Noncontiguous,34.23,412.0
2023-03-01,Pacific Contiguous,19.95,12712.28
2023-03-01,Mountain,13.06,7990.02
2023-03-01,West South Central,13.65,15257.84
2023-03-01,East South Central,13.18,8398.99
2023-03-01,South Atlantic,14.3,27569.55
2023-03-01,West North Central,12.16,9128.7
2023-03-01,East North Central,16.43,14889.89
2023-03-01,Middle Atlantic,19.09,10577.43
2023-03-01,Illinois,17.45,3335.66
2023-03-01,Idaho,10.09,925.51
2023-03-01,Hawaii,44.06,216.13
2023-03-01,Georgia,13.55,4128.12
2023-03-01,Florida,14.67,9530.22
2023-03-01,District of Columbia,15.92,177.02
2023-03-01,Delaware,15.34,425.79
2023-03-01,Connecticut,33.02,993.77
2023-03-01,Utah,10.86,872.07
2023-03-01,Texas,14.45,10343.27
2023-03-01,Tennessee,12.47,2993.52
2023-03-01,South Dakota,11.31,519.74
2023-03-01,Colorado,13.78,1660.04
2023-03-01,California,28.12,6558.84
2023-03-01,Arkansas,12.2,1292.58
2023-03-01,Arizona,13.61,2234.47
2023-03-01,Alaska,23.39,195.87
2023-03-01,Alabama,14.63,2188.24
2023-03-01,South Carolina,14.25,2164.28
2023-03-01,Rhode Island,27.93,235.51
2023-03-01,Pennsylvania,18.12,4544.86
2023-03-01,Oregon,12.17,2044.23
2023-03-01,Oklahoma,11.92,1624.44
2023-03-01,Ohio,14.9,4355.5
2023-03-01,North Dakota,9.72,555.27
2023-03-01,North Carolina,12.96,4497.81
2023-03-01,New York,21.2,3983.46
2023-03-01,New Mexico,13.35,533.03
2023-03-01,New Jersey,17.13,2049.11
2023-03-01,New Hampshire,30.31,395.53
2023-03-01,Nevada,17.11,847.61
2023-03-01,Nebraska,10.57,949.03
2023-03-01,Montana,12.14,599.59
2023-03-01,Missouri,11.65,2739.81
2023-03-01,Mississippi,13.99,1240.94
2023-03-01,Minnesota,13.76,2100.04
2023-03-01,Michigan,18.06,2724.86
2023-03-01,Massachusetts,32.39,1581.93
2023-03-01,Maryland,15.85,2199.67
2023-03-01,Maine,29.39,458.77
2023-03-01,Louisiana,11.84,1997.55
2023-03-01,Kentucky,12.14,1976.28
2023-03-01,Kansas,13.96,943.67
2023-03-01,Iowa,11.89,1321.15
2023-02-01,Utah,10.78,860.19
2023-02-01,Nebraska,10.25,926.31
2023-02-01,Montana,11.98,571.85
2023-02-01,Missouri,11.57,2881.25
2023-02-01,Mississippi,13.77,1432.91
2023-02-01,Minnesota,13.45,2014.97
2023-02-01,Michigan,17.82,2633.69
2023-02-01,Massachusetts,32.23,1648.86
2023-02-01,Maryland,16.21,2206.17
2023-02-01,Maine,26.33,491.76
2023-02-01,Louisiana,12.84,2155.32
2023-02-01,Kentucky,12.48,2122.05
2023-02-01,Kansas,14.71,971.27
2023-02-01,Iowa,11.6,1310.57
2023-02-01,Indiana,16.12,2674.64
2023-02-01,Illinois,17.12,3404.16
2023-02-01,Idaho,10.25,950.02
2023-02-01,Hawaii,44.24,195.35
2023-02-01,Georgia,13.6,4266.42
2023-02-01,Florida,15.86,8705.84
2023-02-01,District of Columbia,15.58,198.48
2023-02-01,Delaware,15.03,418.8
2023-02-01,Oregon,12.2,1999.89
2023-02-01,Oklahoma,11.56,1786.46
2023-02-01,Ohio,14.61,4048.98
2023-02-01,North Dakota,9.97,524.11
2023-02-01,North Carolina,13.08,4540.0
2023-02-01,New York,23.63,4059.98
2023-02-01,New Mexico,14.03,580.04
2023-02-01,New Jersey,16.99,2041.19
2023-02-01,New Hampshire,31.06,402.6
2023-02-01,Nevada,17.04,861.33
2023-02-01,U.S. Total,15.98,112543.13
2023-02-01,Pacific Noncontiguous,34.03,373.88
2023-02-01,Pacific Contiguous,19.38,12036.4
2023-02-01,Mountain,13.06,8036.0
2023-02-01,West South Central,13.84,16964.84
2023-02-01,East South Central,13.4,9625.93
2023-02-01,South Atlantic,14.67,27125.14
2023-02-01,West North Central,12.09,9145.57
2023-02-01,East North Central,16.25,14631.4
2023-02-01,Connecticut,34.35,999.82
2023-02-01,Colorado,14.34,1575.81
2023-02-01,California,27.26,6127.86
2023-02-01,Arkansas,11.99,1582.54
2023-02-01,Arizona,13.1,2323.36
2023-02-01,Alaska,22.86,178.54
2023-02-01,Alabama,15.29,2329.05
2023-02-01,Tennessee,12.61,3741.92
2023-02-01,South Dakota,11.51,517.09
2023-02-01,South Carolina,14.51,2244.4
2023-02-01,Rhode Island,29.1,232.88
2023-02-01,Pennsylvania,18.32,4527.97
2023-02-01,Texas,14.64,11440.52
2023-02-01,Middle Atlantic,20.09,10629.14
2023-02-01,New England,31.13,3974.81
2023-02-01,Wyoming,10.3,313.4
2023-02-01,Wisconsin,16.21,1869.93
2023-02-01,West Virginia,13.57,933.83
2023-02-01,Washington,10.7,3908.65
2023-02-01,Virginia,14.4,3611.2
2023-02-01,Vermont,20.27,198.88
2023-01-01,Alabama,14.36,2843.51
2023-01-01,Alaska,21.68,230.06
2023-01-01,Arizona,12.62,2727.2
2023-01-01,South Carolina,13.99,2797.18
2023-01-01,South Dakota,11.25,585.02
2023-01-01,Tennessee,12.11,4205.44
2023-01-01,Texas,14.19,12746.25
2023-01-01,Utah,10.65,951.89
2023-01-01,Vermont,19.95,214.28
2023-01-01,Virginia,14.03,4491.9
2023-01-01,Washington,10.48,4448.54
2023-01-01,West Virginia,13.09,1139.17
2023-01-01,Wisconsin,16.05,2110.9
2023-01-01,Wyoming,10.28,356.25
2023-01-01,New England,29.8,4400.16
2023-01-01,Middle Atlantic,19.88,12066.08
2023-01-01,East North Central,15.78,17008.14
2023-01-01,Arkansas,11.42,1829.99
2023-01-01,California,26.48,8065.23
2023-01-01,Colorado,14.2,1835.67
2023-01-01,Connecticut,30.27,1167.46
2023-01-01,Delaware,14.26,478.89
2023-01-01,District of Columbia,14.8,213.24
2023-01-01,Florida,14.93,10026.55
2023-01-01,Georgia,12.87,5303.83
2023-01-01,Hawaii,44.96,231.97
2023-01-01,West North Central,11.4,11125.92
2023-01-01,South Atlantic,14.01,32472.74
2023-01-01,East South Central,12.97,11243.23
2023-01-01,Idaho,10.58,1059.1
2023-01-01,Illinois,16.07,3908.89
2023-01-01,Indiana,15.43,3128.9
2023-01-01,Iowa,11.3,1572.14
2023-01-01,Kansas,12.97,1252.71
2023-01-01,Kentucky,12.68,2513.51
2023-01-01,Louisiana,11.94,2619.67
2023-01-01,Maine,24.1,484.22
2023-01-01,Maryland,15.97,2516.41
2023-01-01,West South Central,13.26,19327.95
2023-01-01,Mountain,12.78,9239.16
2023-01-01,Pacific Contiguous,19.48,14713.3
2023-01-01,Pacific Noncontiguous,33.37,462.03
2023-01-01,U.S. Total,15.47,132058.7
2023-01-01,Massachusetts,31.83,1816.75
2023-01-01,Michigan,17.99,2956.15
2023-01-01,Minnesota,13.08,2371.6
2023-01-01,Mississippi,13.18,1680.78
2023-01-01,Missouri,10.73,3552.47
2023-01-01,Montana,10.73,674.94
2023-01-01,Nebraska,9.35,1181.15
2023-01-01,Nevada,16.81,985.71
2023-01-01,New Hampshire,31.74,447.06
2023-01-01,New Jersey,16.91,2285.02
2023-01-01,New Mexico,13.53,648.42
2023-01-01,New York,23.6,4483.86
2023-01-01,North Carolina,12.67,5505.56
2023-01-01,North Dakota,9.91,610.83
2023-01-01,Ohio,14.32,4903.3
2023-01-01,Oklahoma,10.96,2132.04
2023-01-01,Oregon,12.04,2199.52
2023-01-01,Pennsylvania,18.01,5297.19
2023-01-01,Rhode Island,28.96,270.39
2022-12-01,Kansas,13.24,1211.88
2022-12-01,District of Columbia,15.05,198.26
2022-12-01,Delaware,14.61,468.3
2022-12-01,Connecticut,23.42,1221.01
2022-12-01,Colorado,14.15,1809.87
2022-12-01,Middle Atlantic,19.29,12210.68
2022-12-01,New England,26.96,4183.6
2022-12-01,Wyoming,10.38,347.86
2022-12-01,Wisconsin,15.01,2202.27
2022-12-01,West Virginia,12.75,1269.91
2022-12-01,Washington,10.04,4556.41
2022-12-01,U.S. Total,14.94,131401.7
2022-12-01,Pacific Noncontiguous,33.63,455.98
2022-12-01,Pacific Contiguous,18.18,13721.47
2022-12-01,Mountain,12.57,9199.72
2022-12-01,West South Central,13.58,18819.46
2022-12-01,East South Central,12.65,10545.61
2022-12-01,South Atlantic,13.3,33716.73
2022-12-01,West North Central,11.39,10900.06
2022-12-01,East North Central,15.5,17648.4
2022-12-01,South Dakota,11.22,563.42
2022-12-01,South Carolina,13.86,2882.64
2022-12-01,Rhode Island,27.52,257.31
2022-12-01,Pennsylvania,17.77,5519.85
2022-12-01,Oregon,11.13,2347.39
2022-12-01,Oklahoma,11.11,2151.64
2022-12-01,Ohio,13.97,4970.83
2022-12-01,North Dakota,9.63,633.9
2022-12-01,North Carolina,11.48,6080.68
2022-12-01,New York,22.78,4234.46
2022-12-01,New Mexico,13.34,636.89
2022-12-01,New Jersey,16.68,2456.36
2022-12-01,New Hampshire,30.88,420.32
2022-12-01,Nevada,14.96,984.62
2022-12-01,Nebraska,9.7,1130.47
2022-12-01,Montana,11.77,689.14
2022-12-01,Missouri,10.54,3500.58
2022-12-01,Mississippi,12.33,1493.93
2022-12-01,Iowa,11.25,1569.61
2022-12-01,Indiana,15.25,3216.2
2022-12-01,Illinois,15.98,4134.22
2022-12-01,Idaho,10.47,1129.63
2022-12-01,Hawaii,44.79,230.76
2022-12-01,Georgia,11.76,5417.9
2022-12-01,Florida,14.21,9713.82
2022-12-01,Virginia,13.81,4875.54
2022-12-01,Vermont,19.94,211.12
2022-12-01,Utah,10.47,983.36
2022-12-01,Texas,14.49,12631.77
2022-12-01,Tennessee,12.16,3672.66
2022-12-01,California,26.04,6817.68
2022-12-01,Arkansas,11.35,1640.5
2022-12-01,Arizona,12.57,2618.36
2022-12-01,Alaska,22.2,225.22
2022-12-01,Alabama,13.1,2861.6
2022-12-01,Minnesota,13.15,2290.19
2022-12-01,Michigan,17.91,3124.89
2022-12-01,Massachusetts,30.64,1630.96
2022-12-01,Maryland,15.53,2809.69
2022-12-01,Maine,22.44,442.88
2022-12-01,Louisiana,12.5,2395.54
2022-12-01,Kentucky,13.05,2517.42
2022-11-01,South Atlantic,13.7,26497.87
2022-11-01,Florida,13.98,9424.38
2022-11-01,District of Columbia,15.77,165.9
2022-11-01,Delaware,16.22,314.98
2022-11-01,Connecticut,23.91,923.13
2022-11-01,Colorado,14.55,1524.8
2022-11-01,California,25.52,6370.38
2022-11-01,Arkansas,12.41,1198.95
2022-11-01,Arizona,13.11,2113.33
2022-11-01,Alaska,23.14,186.21
2022-11-01,Pennsylvania,17.38,3994.71
2022-11-01,Oregon,11.51,1914.5
2022-11-01,Oklahoma,12.34,1595.66
2022-11-01,Ohio,14.63,3762.47
2022-11-01,North Dakota,10.58,461.37
2022-11-01,Alabama,14.83,2185.75
2022-11-01,New Jersey,16.19,1852.56
2022-11-01,New Hampshire,30.61,335.07
2022-11-01,Nevada,15.23,848.21
2022-11-01,Nebraska,10.58,765.7
2022-11-01,Montana,12.23,476.22
2022-11-01,Missouri,11.41,2537.58
2022-11-01,West North Central,12.44,7897.89
2022-11-01,East North Central,16.16,13416.58
2022-11-01,Middle Atlantic,19.47,9295.71
2022-11-01,New England,26.21,3392.63
2022-11-01,Wyoming,11.05,261.38
2022-11-01,Wisconsin,15.72,1703.61
2022-11-01,West Virginia,13.83,861.94
2022-11-01,Washington,10.34,3499.07
2022-11-01,Virginia,14.32,3246.4
2022-11-01,Vermont,20.74,166.58
2022-11-01,Utah,10.59,841.64
2022-11-01,Texas,15.01,10252.12
2022-11-01,Tennessee,12.81,2754.93
2022-11-01,South Dakota,11.98,405.35
2022-11-01,South Carolina,13.82,2181.57
2022-11-01,North Carolina,11.89,4312.11
2022-11-01,New York,23.66,3448.43
2022-11-01,New Mexico,13.85,536.01
2022-11-01,Rhode Island,28.62,212.53
2022-11-01,Mississippi,13.39,1169.08
2022-11-01,U.S. Total,15.55,103152.08
2022-11-01,Pacific Noncontiguous,34.52,414.36
2022-11-01,Pacific Contiguous,18.74,11783.96
2022-11-01,Mountain,12.91,7512.58
2022-11-01,West South Central,14.36,15016.04
2022-11-01,East South Central,13.7,7924.46
2022-11-01,Minnesota,14.18,1734.24
2022-11-01,Michigan,17.83,2514.74
2022-11-01,Massachusetts,28.07,1377.08
2022-11-01,Maryland,15.37,1948.47
2022-11-01,Maine,22.23,378.26
2022-11-01,Louisiana,13.82,1969.3
2022-11-01,Kentucky,13.87,1814.7
2022-11-01,Kansas,14.51,937.51
2022-11-01,Iowa,12.57,1056.14
2022-11-01,Indiana,15.94,2307.23
2022-11-01,Illinois,17.04,3128.53
2022-11-01,Idaho,9.98,910.99
2022-11-01,Hawaii,43.8,228.15
2022-11-01,Georgia,13.29,4042.12
2022-10-01,New Jersey,16.32,1633.91
2022-10-01,Alaska,23.66,159.03
2022-10-01,Alabama,15.02,2047.4
2022-10-01,Hawaii,44.72,248.58
2022-10-01,Georgia,14.06,3868.51
2022-10-01,Florida,14.19,10380.68
2022-10-01,District of Columbia,15.44,167.49
2022-10-01,Delaware,16.36,314.94
2022-10-01,Connecticut,24.98,837.56
2022-10-01,Colorado,14.8,1403.89
2022-10-01,California,25.76,6840.73
2022-10-01,Arkansas,12.8,1265.28
2022-10-01,Arizona,13.11,2775.69
2022-10-01,Pacific Contiguous,20.55,10615.24
2022-10-01,Mountain,13.35,7560.72
2022-10-01,West South Central,14.63,17139.3
2022-10-01,U.S. Total,15.99,99792.19
2022-10-01,East South Central,13.77,7690.47
2022-10-01,South Atlantic,14.16,25649.63
2022-10-01,Pacific Noncontiguous,36.5,407.6
2022-10-01,West North Central,13.15,6775.04
2022-10-01,East North Central,16.57,11878.44
2022-10-01,Middle Atlantic,19.61,8789.61
2022-10-01,New England,25.58,3286.14
2022-10-01,Wyoming,12.0,183.94
2022-10-01,Wisconsin,16.24,1510.33
2022-10-01,West Virginia,14.38,693.75
2022-10-01,Washington,10.62,2446.6
2022-10-01,Virginia,14.41,2792.06
2022-10-01,Vermont,20.91,153.53
2022-10-01,Utah,10.87,740.21
2022-10-01,Texas,14.94,12038.37
2022-10-01,Tennessee,12.94,2730.14
2022-10-01,South Dakota,13.18,328.68
2022-10-01,South Carolina,14.07,1992.28
2022-10-01,Rhode Island,24.6,201.5
2022-10-01,Pennsylvania,17.51,3604.82
2022-10-01,Oregon,11.99,1327.91
2022-10-01,North Dakota,11.75,330.08
2022-10-01,North Carolina,12.97,3728.81
2022-10-01,New York,23.26,3550.87
2022-10-01,New Mexico,14.36,499.66
2022-10-01,Oklahoma,14.27,1515.89
2022-10-01,Ohio,15.08,3300.52
2022-10-01,New Hampshire,30.43,306.39
2022-10-01,Nevada,15.19,1008.61
2022-10-01,Nebraska,11.86,649.47
2022-10-01,Montana,12.42,348.15
2022-10-01,Missouri,11.58,2179.24
2022-10-01,Mississippi,13.2,1322.23
2022-10-01,Minnesota,15.07,1496.65
2022-10-01,Michigan,18.28,2290.07
2022-10-01,Massachusetts,26.15,1447.27
2022-10-01,Maryland,15.84,1711.1
2022-10-01,Maine,22.97,339.89
2022-10-01,Louisiana,14.29,2319.75
2022-10-01,Kentucky,14.06,1590.7
2022-10-01,Kansas,14.95,894.25
2022-10-01,Iowa,13.43,896.68
2022-10-01,Indiana,16.7,2002.3
2022-10-01,Illinois,17.02,2775.22
2022-10-01,Idaho,11.19,600.57
2022-09-01,Tennessee,12.69,3826.82
2022-09-01,Oregon,11.78,1345.16
2022-09-01,Oklahoma,14.2,2191.69
2022-09-01,Ohio,14.94,3992.8
2022-09-01,Minnesota,15.53,1725.5
2022-09-01,Michigan,18.29,2675.71
2022-09-01,Massachusetts,27.56,1785.82
2022-09-01,Maryland,14.55,2061.56
2022-09-01,Maine,23.17,395.0
2022-09-01,North Dakota,13.06,310.58
2022-09-01,North Carolina,12.64,4817.81
2022-09-01,New York,23.95,4871.89
2022-09-01,New Mexico,14.98,610.83
2022-09-01,New Jersey,16.59,2417.14
2022-09-01,New Hampshire,32.26,360.78
2022-09-01,Nevada,13.77,1527.72
2022-09-01,Nebraska,12.02,851.36
2022-09-01,Montana,11.7,415.78
2022-09-01,Missouri,13.47,2864.86
2022-09-01,Mississippi,13.02,1737.28
2022-09-01,Louisiana,14.26,2906.25
2022-09-01,Kentucky,13.48,2050.57
2022-09-01,Kansas,14.6,1306.27
2022-09-01,Iowa,14.34,1078.48
2022-09-01,Indiana,14.99,2613.94
2022-09-01,Illinois,16.81,3714.87
2022-09-01,Idaho,10.47,650.29
2022-09-01,Hawaii,45.59,241.1
2022-09-01,Georgia,14.87,5119.43
2022-09-01,Florida,14.55,12890.22
2022-09-01,District of Columbia,13.96,220.44
2022-09-01,Delaware,14.18,464.47
2022-09-01,Connecticut,28.67,952.8
2022-09-01,Colorado,15.0,1748.79
2022-09-01,South Dakota,12.97,381.78
2022-09-01,South Carolina,14.5,2707.58
2022-09-01,Rhode Island,24.39,262.12
2022-09-01,Pennsylvania,17.06,4340.25
2022-09-01,California,25.96,10324.5
2022-09-01,Arkansas,13.21,1685.22
2022-09-01,Arizona,13.27,4121.31
2022-09-01,Alaska,23.18,142.62
2022-09-01,U.S. Total,16.19,129241.32
2022-09-01,Pacific Noncontiguous,37.26,383.72
2022-09-01,Pacific Contiguous,21.91,14168.29
2022-09-01,Mountain,13.28,10311.66
2022-09-01,West South Central,14.52,22782.85
2022-09-01,East South Central,13.65,10398.15
2022-09-01,South Atlantic,14.29,32403.8
2022-09-01,West North Central,13.99,8518.83
2022-09-01,East North Central,16.2,14729.91
2022-09-01,Middle Atlantic,19.85,11629.28
2022-09-01,New England,27.32,3914.82
2022-09-01,Wyoming,11.94,189.03
2022-09-01,Wisconsin,16.42,1732.59
2022-09-01,Alabama,15.48,2783.48
2022-09-01,West Virginia,14.03,699.86
2022-09-01,Washington,10.6,2498.63
2022-09-01,Virginia,14.58,3422.43
2022-09-01,Vermont,20.42,158.3
2022-09-01,Utah,11.38,1047.9
2022-09-01,Texas,14.75,15999.69
2022-08-01,Pacific Noncontiguous,37.49,391.37
2022-08-01,Nevada,13.56,1866.74
2022-08-01,Nebraska,11.62,1111.43
2022-08-01,Montana,11.53,511.33
2022-08-01,Missouri,13.96,3883.31
2022-08-01,Mississippi,12.33,2034.51
2022-08-01,Minnesota,15.26,2126.8
2022-08-01,Michigan,18.07,3523.58
2022-08-01,Massachusetts,26.46,2131.7
2022-08-01,Maryland,14.24,2799.7
2022-08-01,Maine,21.08,484.67
2022-08-01,Louisiana,14.14,3302.83
2022-08-01,Virginia,14.14,4510.42
2022-08-01,Vermont,19.85,200.63
2022-08-01,Utah,11.33,1294.94
2022-08-01,Texas,14.12,19798.83
2022-08-01,Kentucky,13.57,2691.44
2022-08-01,Kansas,14.77,1700.47
2022-08-01,Iowa,15.37,1449.73
2022-08-01,Indiana,15.15,3564.96
2022-08-01,Illinois,16.73,4908.9
2022-08-01,Idaho,10.73,907.0
2022-08-01,Hawaii,45.56,245.87
2022-08-01,Georgia,15.97,6405.92
2022-08-01,South Dakota,12.98,462.13
2022-08-01,South Carolina,14.27,3364.72
2022-08-01,Rhode Island,21.45,383.4
2022-08-01,Pennsylvania,16.34,5626.34
2022-08-01,Oregon,11.69,1721.75
2022-08-01,Oklahoma,14.31,2915.85
2022-08-01,Ohio,14.87,5284.99
2022-08-01,Pacific Contiguous,21.74,15478.03
2022-08-01,Mountain,13.16,12494.58
2022-08-01,North Dakota,12.76,367.54
2022-08-01,North Carolina,11.87,6309.16
2022-08-01,New York,21.2,5944.88
2022-08-01,New Mexico,14.81,777.41
2022-08-01,New Jersey,17.24,4026.18
2022-08-01,New Hampshire,27.42,518.89
2022-08-01,West South Central,14.05,28104.05
2022-08-01,East South Central,13.95,12625.49
2022-08-01,South Atlantic,14.04,39866.81
2022-08-01,West North Central,14.2,11101.41
2022-08-01,East North Central,16.07,19424.88
2022-08-01,Middle Atlantic,18.43,15597.41
2022-08-01,New England,25.44,5187.44
2022-08-01,Wyoming,11.89,228.54
2022-08-01,Wisconsin,15.72,2142.46
2022-08-01,West Virginia,13.83,951.77
2022-08-01,Washington,10.41,2987.81
2022-08-01,Alabama,15.43,3362.93
2022-08-01,Colorado,14.74,2253.91
2022-08-01,California,26.49,10768.47
2022-08-01,Arkansas,12.83,2086.54
2022-08-01,Arizona,13.18,4654.72
2022-08-01,Alaska,23.86,145.5
2022-08-01,Florida,14.06,14679.97
2022-08-01,District of Columbia,14.06,269.04
2022-08-01,Delaware,13.32,576.11
2022-08-01,Connecticut,26.5,1468.15
2022-08-01,Tennessee,13.81,4536.61
2022-08-01,U.S. Total,15.82,160271.47
2022-07-01,New York,21.88,5637.79
2022-07-01,Rhode Island,19.4,375.06
2022-07-01,Pennsylvania,16.48,5492.33
2022-07-01,Mississippi,12.08,2157.95
2022-07-01,Minnesota,15.25,2258.45
2022-07-01,Michigan,18.11,3738.58
2022-07-01,Massachusetts,23.76,1918.35
2022-07-01,Maryland,14.22,2909.94
2022-07-01,Maine,22.99,399.76
2022-07-01,Louisiana,14.09,3645.42
2022-07-01,Kentucky,13.28,2865.63
2022-07-01,Kansas,14.77,1727.52
2022-07-01,Iowa,15.69,1537.82
2022-07-01,Indiana,14.54,3575.1
2022-07-01,Illinois,16.36,5260.59
2022-07-01,Idaho,11.18,911.24
2022-07-01,Hawaii,45.11,237.32
2022-07-01,Georgia,15.81,6932.03
2022-07-01,Florida,13.91,14660.67
2022-07-01,District of Columbia,13.86,270.17
2022-07-01,Delaware,13.38,530.45
2022-07-01,Connecticut,19.39,1470.26
2022-07-01,Colorado,14.42,2278.18
2022-07-01,California,26.18,8972.99
2022-07-01,Arkansas,12.93,2211.68
2022-07-01,Arizona,13.08,5160.66
2022-07-01,Alaska,24.36,145.54
2022-07-01,U.S. Total,15.31,164276.58
2022-07-01,Pacific Noncontiguous,37.22,382.86
2022-07-01,Pacific Contiguous,21.09,13491.56
2022-07-01,Mountain,13.1,13318.8
2022-07-01,West South Central,13.65,29833.33
2022-07-01,East South Central,13.39,13545.12
2022-07-01,South Atlantic,13.87,41472.51
2022-07-01,West North Central,14.16,11616.51
2022-07-01,East North Central,15.82,20474.23
2022-07-01,Middle Atlantic,18.64,15302.25
2022-07-01,New England,21.68,4839.42
2022-07-01,Wyoming,11.8,238.3
2022-07-01,Wisconsin,15.66,2267.75
2022-07-01,West Virginia,13.74,953.0
2022-07-01,Washington,10.45,2820.2
2022-07-01,Virginia,14.23,4873.58
2022-07-01,New Mexico,14.84,819.07
2022-07-01,New Jersey,17.1,4172.13
2022-07-01,New Hampshire,21.77,482.45
2022-07-01,Nevada,13.48,2034.01
2022-07-01,Vermont,19.89,193.54
2022-07-01,Utah,11.4,1454.03
2022-07-01,Texas,13.71,20742.41
2022-07-01,Tennessee,12.93,4814.4
2022-07-01,South Dakota,13.0,467.45
2022-07-01,South Carolina,13.7,3661.56
2022-07-01,Nebraska,11.9,1114.99
2022-07-01,Montana,11.66,423.31
2022-07-01,Missouri,13.62,4131.87
2022-07-01,Alabama,14.83,3707.14
2022-07-01,Oregon,11.82,1698.37
2022-07-01,Oklahoma,13.22,3233.83
2022-07-01,Ohio,14.66,5632.2
2022-07-01,North Dakota,12.56,378.42
2022-07-01,North Carolina,11.52,6681.09
2022-06-01,Michigan,18.2,3130.84
2022-06-01,South Atlantic,13.62,35737.46
2022-06-01,West North Central,13.95,9561.21
2022-06-01,U.S. Total,15.3,136310.29
2022-06-01,Pacific Noncontiguous,36.61,362.99
2022-06-01,Tennessee,12.2,3742.43
2022-06-01,South Dakota,13.25,372.64
2022-06-01,South Carolina,13.67,3142.33
2022-06-01,Rhode Island,23.52,195.27
2022-06-01,Pennsylvania,16.36,4383.47
2022-06-01,Oregon,11.88,1354.86
2022-06-01,Pacific Contiguous,22.32,11516.1
2022-06-01,Mountain,13.03,10753.67
2022-06-01,West South Central,13.34,25052.96
2022-06-01,East South Central,13.14,11165.42
2022-06-01,East North Central,15.8,17117.12
2022-06-01,Middle Atlantic,18.78,11433.85
2022-06-01,New England,24.46,3609.5
2022-06-01,West Virginia,13.73,812.67
2022-06-01,Washington,10.52,2560.68
2022-06-01,Virginia,13.32,3856.94
2022-06-01,Vermont,20.16,157.8
2022-06-01,Utah,11.09,1024.19
2022-06-01,Wyoming,11.74,199.91
2022-06-01,Wisconsin,16.2,1938.92
2022-06-01,Texas,13.49,17653.24
2022-06-01,Massachusetts,25.02,1492.61
2022-06-01,Maryland,14.61,2274.33
2022-06-01,Maine,24.11,356.44
2022-06-01,Louisiana,13.04,3232.64
2022-06-01,Kentucky,13.16,2344.69
2022-06-01,Kansas,14.38,1448.26
2022-06-01,Iowa,15.06,1267.72
2022-06-01,Indiana,14.41,2924.82
2022-06-01,Illinois,16.58,4444.2
2022-06-01,Idaho,11.32,644.2
2022-06-01,Hawaii,44.31,224.56
2022-06-01,Georgia,15.07,6175.89
2022-06-01,Florida,13.85,13111.17
2022-06-01,District of Columbia,13.82,225.96
2022-06-01,Delaware,13.34,417.58
2022-06-01,Connecticut,25.25,1042.16
2022-06-01,Colorado,14.29,1810.53
2022-06-01,California,28.16,7600.56
2022-06-01,Arkansas,12.78,1667.65
2022-06-01,Arizona,13.21,4415.54
2022-06-01,Alaska,24.11,138.42
2022-06-01,Alabama,14.64,3246.5
2022-06-01,Oklahoma,13.02,2499.43
2022-06-01,Ohio,14.15,4678.34
2022-06-01,North Dakota,13.14,321.93
2022-06-01,North Carolina,11.33,5720.59
2022-06-01,New York,22.36,4263.38
2022-06-01,New Mexico,13.87,710.19
2022-06-01,New Jersey,17.13,2787.01
2022-06-01,New Hampshire,22.67,365.22
2022-06-01,Nevada,13.16,1581.22
2022-06-01,Nebraska,11.46,902.83
2022-06-01,Montana,11.56,367.88
2022-06-01,Missouri,13.52,3328.58
2022-06-01,Mississippi,12.39,1831.8
2022-06-01,Minnesota,15.1,1919.26
2022-05-01,Virginia,12.82,3118.7
2022-05-01,Michigan,17.94,2584.36
2022-05-01,Massachusetts,23.72,1408.67
2022-05-01,Maryland,14.17,1859.19
2022-05-01,Maine,25.67,353.65
2022-05-01,Louisiana,12.22,2389.14
2022-05-01,Delaware,14.29,339.4
2022-05-01,Connecticut,24.8,922.88
2022-05-01,Colorado,13.67,1458.34
2022-05-01,Kentucky,12.85,1843.05
2022-05-01,Hawaii,43.31,223.89
2022-05-01,Georgia,14.19,4723.07
2022-05-01,Florida,13.52,11237.8
2022-05-01,District of Columbia,14.83,170.96
2022-05-01,Kansas,13.98,1050.84
2022-05-01,Iowa,14.19,1043.92
2022-05-01,Indiana,14.93,2336.0
2022-05-01,Illinois,15.02,3557.28
2022-05-01,Idaho,10.25,635.14
2022-05-01,Nebraska,11.12,719.36
2022-05-01,Montana,11.17,418.28
2022-05-01,Missouri,11.4,2498.09
2022-05-01,Mississippi,12.87,1338.03
2022-05-01,Minnesota,14.6,1640.84
2022-05-01,California,27.21,6186.96
2022-05-01,Arkansas,12.4,1246.57
2022-05-01,Arizona,13.15,3244.68
2022-05-01,Alaska,24.13,150.03
2022-05-01,Alabama,14.13,2494.73
2022-05-01,U.S. Total,14.89,110070.73
2022-05-01,Pacific Noncontiguous,35.62,373.92
2022-05-01,Pacific Contiguous,20.52,10444.04
2022-05-01,Mountain,12.66,8351.45
2022-05-01,West South Central,13.03,18913.79
2022-05-01,East South Central,12.91,8548.26
2022-05-01,South Atlantic,13.32,29262.5
2022-05-01,West North Central,12.87,7634.22
2022-05-01,East North Central,15.29,13750.36
2022-05-01,Middle Atlantic,18.1,9380.28
2022-05-01,New England,23.73,3411.92
2022-05-01,Wyoming,11.5,207.1
2022-05-01,Vermont,20.25,153.2
2022-05-01,Utah,10.48,765.79
2022-05-01,Texas,13.34,13439.91
2022-05-01,Tennessee,11.89,2872.45
2022-05-01,South Dakota,12.56,354.65
2022-05-01,South Carolina,13.46,2486.59
2022-05-01,Rhode Island,19.93,234.29
2022-05-01,Pennsylvania,15.07,3623.74
2022-05-01,Oregon,11.65,1430.98
2022-05-01,Wisconsin,16.13,1648.68
2022-05-01,Oklahoma,12.28,1838.17
2022-05-01,Ohio,13.54,3624.04
2022-05-01,North Dakota,11.92,326.53
2022-05-01,North Carolina,11.68,4626.28
2022-05-01,New York,21.86,3604.33
2022-05-01,New Mexico,12.64,530.33
2022-05-01,New Jersey,16.93,2152.2
2022-05-01,New Hampshire,23.02,339.22
2022-05-01,Nevada,13.55,1091.8
2022-05-01,West Virginia,13.96,700.52
2022-05-01,Washington,10.37,2826.1
2022-04-01,South Dakota,11.96,406.99
2022-04-01,Oregon,11.29,1623.76
2022-04-01,Oklahoma,12.24,1389.71
2022-04-01,Ohio,13.01,3530.0
2022-04-01,North Dakota,10.5,406.55
2022-04-01,North Carolina,11.8,3743.02
2022-04-01,New York,21.06,3536.88
2022-04-01,New Mexico,13.43,431.16
2022-04-01,New Jersey,16.97,1761.8
2022-04-01,New Hampshire,23.13,337.93
2022-04-01,Nevada,13.88,811.85
2022-04-01,Nebraska,10.93,703.65
2022-04-01,Montana,10.96,457.03
2022-04-01,Missouri,10.98,2299.89
2022-04-01,Mississippi,12.92,1130.03
2022-04-01,Minnesota,13.96,1689.31
2022-04-01,Michigan,17.76,2456.34
2022-04-01,Massachusetts,24.21,1491.47
2022-04-01,Maryland,14.11,1779.49
2022-04-01,U.S. Total,14.57,97431.84
2022-04-01,South Carolina,13.48,1903.33
2022-04-01,Rhode Island,20.27,274.77
2022-04-01,Pennsylvania,14.83,3826.91
2022-04-01,Pacific Noncontiguous,33.66,372.03
2022-04-01,Pacific Contiguous,17.28,10441.63
2022-04-01,Mountain,12.56,7128.98
2022-04-01,West South Central,12.95,14501.72
2022-04-01,Alabama,14.1,1987.43
2022-04-01,Arkansas,11.95,1155.1
2022-04-01,Arizona,13.14,2403.24
2022-04-01,Alaska,22.83,159.84
2022-04-01,Kentucky,12.7,1701.29
2022-04-01,Kansas,13.96,826.34
2022-04-01,Iowa,12.16,1058.43
2022-04-01,Indiana,14.31,2199.15
2022-04-01,Illinois,14.98,2890.08
2022-04-01,Idaho,9.82,717.07
2022-04-01,Hawaii,41.81,212.19
2022-04-01,Georgia,13.23,3695.38
2022-04-01,Florida,13.67,9418.53
2022-04-01,District of Columbia,13.72,159.15
2022-04-01,Delaware,13.32,333.51
2022-04-01,Connecticut,27.1,849.41
2022-04-01,Colorado,13.71,1384.88
2022-04-01,California,23.28,5531.4
2022-04-01,Maine,25.29,397.85
2022-04-01,Louisiana,12.25,1823.82
2022-04-01,East South Central,12.77,7632.35
2022-04-01,South Atlantic,13.2,24610.65
2022-04-01,West North Central,12.19,7391.15
2022-04-01,East North Central,14.92,12717.5
2022-04-01,Middle Atlantic,17.66,9125.58
2022-04-01,New England,24.43,3510.26
2022-04-01,Wyoming,11.05,236.23
2022-04-01,Wisconsin,15.51,1641.92
2022-04-01,West Virginia,13.22,733.18
2022-04-01,Washington,10.14,3286.47
2022-04-01,Virginia,12.66,2845.05
2022-04-01,Vermont,20.02,158.82
2022-04-01,Utah,10.52,687.53
2022-04-01,Texas,13.29,10133.09
2022-04-01,Tennessee,11.81,2813.59
2022-03-01,Connecticut,25.62,1021.63
2022-03-01,Oklahoma,11.08,1748.81
2022-03-01,Ohio,12.72,4270.12
2022-03-01,North Dakota,10.03,503.03
2022-03-01,North Carolina,11.79,4370.83
2022-03-01,New York,20.75,4116.52
2022-03-01,Colorado,13.53,1619.54
2022-03-01,California,26.37,6264.94
2022-03-01,Arkansas,11.06,1531.27
2022-03-01,Arizona,12.66,2180.2
2022-03-01,Alaska,22.89,183.64
2022-03-01,Alabama,13.56,2255.44
2022-03-01,Mountain,12.24,7529.95
2022-03-01,West South Central,12.42,16979.42
2022-03-01,East South Central,12.24,8901.14
2022-03-01,South Atlantic,12.98,27366.28
2022-03-01,West North Central,11.64,8869.59
2022-03-01,East North Central,14.56,14881.58
2022-03-01,Middle Atlantic,17.39,10626.41
2022-03-01,New England,24.47,3977.75
2022-03-01,Wyoming,10.67,277.03
2022-03-01,Wisconsin,15.32,1856.23
2022-03-01,West Virginia,13.32,928.1
2022-03-01,Washington,10.14,3842.14
2022-03-01,Virginia,12.37,3452.7
2022-03-01,Vermont,19.61,188.09
2022-03-01,Utah,10.45,781.6
2022-03-01,Texas,13.01,11516.69
2022-03-01,Tennessee,11.37,3286.48
2022-03-01,South Dakota,11.25,485.54
2022-03-01,South Carolina,13.38,2154.03
2022-03-01,Rhode Island,23.48,244.49
2022-03-01,Pennsylvania,14.59,4571.01
2022-03-01,Oregon,11.07,1796.39
2022-03-01,New Mexico,13.22,530.74
2022-03-01,New Jersey,16.86,1938.89
2022-03-01,New Hampshire,22.94,403.51
2022-03-01,Nevada,13.38,788.96
2022-03-01,Nebraska,10.18,919.42
2022-03-01,Montana,10.71,541.4
2022-03-01,Georgia,12.66,4152.0
2022-03-01,Missouri,10.53,2752.87
2022-03-01,Mississippi,12.44,1350.69
2022-03-01,Minnesota,13.49,2019.23
2022-03-01,U.S. Total,14.41,111438.59
2022-03-01,Pacific Noncontiguous,32.31,403.01
2022-03-01,Pacific Contiguous,18.82,11903.47
2022-03-01,Idaho,10.02,810.47
2022-03-01,Hawaii,40.19,219.37
2022-03-01,Michigan,17.46,2768.19
2022-03-01,Massachusetts,25.29,1626.34
2022-03-01,Maryland,14.14,2172.66
2022-03-01,Maine,22.97,493.69
2022-03-01,Louisiana,11.3,2182.65
2022-03-01,Kentucky,12.05,2008.53
2022-03-01,Kansas,13.18,968.64
2022-03-01,Iowa,11.78,1220.85
2022-03-01,Indiana,13.94,2674.03
2022-03-01,Illinois,14.57,3313.0
2022-03-01,Florida,13.47,9507.72
2022-03-01,District of Columbia,14.09,199.05
2022-03-01,Delaware,13.14,429.21
2022-02-01,Idaho,9.71,942.0
2022-02-01,U.S. Total,13.76,125342.3
2022-02-01,Pacific Noncontiguous,30.39,381.59
2022-02-01,Pacific Contiguous,17.76,11460.31
2022-02-01,Mountain,12.09,7731.56
2022-02-01,West South Central,11.82,19728.79
2022-02-01,East South Central,11.59,11423.85
2022-02-01,South Atlantic,12.47,31804.0
2022-02-01,West North Central,10.98,10124.91
2022-02-01,East North Central,14.05,16646.11
2022-02-01,Middle Atlantic,17.31,11735.78
2022-02-01,New England,24.6,4305.4
2022-02-01,Virginia,11.93,4617.31
2022-02-01,Vermont,19.0,206.57
2022-02-01,Utah,10.49,806.38
2022-02-01,Texas,12.48,13162.49
2022-02-01,Tennessee,10.79,4463.76
2022-02-01,South Dakota,11.2,520.88
2022-02-01,Wyoming,10.31,307.57
2022-02-01,Wisconsin,15.1,1950.82
2022-02-01,West Virginia,11.9,1139.29
2022-02-01,Washington,10.04,3880.37
2022-02-01,Ohio,12.52,4800.5
2022-02-01,North Dakota,9.66,574.13
2022-02-01,North Carolina,10.83,5812.36
2022-02-01,New York,21.64,4343.21
2022-02-01,Hawaii,38.36,194.68
2022-02-01,New Mexico,13.02,576.05
2022-02-01,New Jersey,15.7,2128.74
2022-02-01,New Hampshire,22.11,437.79
2022-02-01,Nevada,13.17,809.46
2022-02-01,Nebraska,9.63,979.24
2022-02-01,Montana,10.38,579.66
2022-02-01,Missouri,9.51,3496.78
2022-02-01,Mississippi,11.55,1670.95
2022-02-01,Minnesota,13.28,2099.14
2022-02-01,Michigan,17.24,2877.33
2022-02-01,Massachusetts,25.57,1810.21
2022-02-01,Georgia,11.67,4802.64
2022-02-01,Florida,13.74,9469.63
2022-02-01,District of Columbia,13.42,214.52
2022-02-01,Delaware,12.21,492.81
2022-02-01,Connecticut,26.49,1105.95
2022-02-01,Colorado,13.54,1554.78
2022-02-01,California,25.34,5666.63
2022-02-01,Maryland,14.04,2533.58
2022-02-01,Maine,20.88,501.11
2022-02-01,Louisiana,10.73,2658.5
2022-02-01,Kentucky,11.5,2554.45
2022-02-01,South Carolina,12.6,2721.87
2022-02-01,Rhode Island,25.7,243.78
2022-02-01,Pennsylvania,14.38,5263.83
2022-02-01,Oregon,11.0,1913.32
2022-02-01,Arkansas,10.39,1796.18
2022-02-01,Arizona,12.73,2155.65
2022-02-01,Alaska,22.08,186.91
2022-02-01,Alabama,13.01,2734.68
2022-02-01,Oklahoma,10.28,2111.63
2022-02-01,Kansas,12.54,1125.29
2022-02-01,Iowa,11.39,1329.45
2022-02-01,Indiana,13.07,3166.2
2022-02-01,Illinois,13.83,3851.26
2022-01-01,Utah,10.21,916.7
2022-01-01,Florida,13.45,9751.39
2022-01-01,Indiana,13.08,3478.58
2022-01-01,Illinois,12.92,4501.04
2022-01-01,Idaho,9.85,1105.06
2022-01-01,Hawaii,37.62,242.01
2022-01-01,Georgia,11.44,5805.35
2022-01-01,Michigan,17.22,3350.34
2022-01-01,Massachusetts,25.27,1886.4
2022-01-01,Maryland,13.38,3205.66
2022-01-01,Montana,10.63,666.33
2022-01-01,Missouri,9.62,3771.33
2022-01-01,Mississippi,11.27,1681.39
2022-01-01,Minnesota,12.84,2418.71
2022-01-01,Iowa,11.03,1684.04
2022-01-01,District of Columbia,13.22,258.14
2022-01-01,Delaware,12.22,528.3
2022-01-01,Connecticut,22.27,1375.75
2022-01-01,Colorado,13.52,1746.44
2022-01-01,California,23.07,8196.97
2022-01-01,North Dakota,9.45,657.85
2022-01-01,North Carolina,10.52,6241.22
2022-01-01,New York,21.05,4674.76
2022-01-01,New Mexico,12.9,624.3
2022-01-01,New Jersey,16.27,2735.27
2022-01-01,New Hampshire,21.23,500.75
2022-01-01,Nevada,12.93,953.33
2022-01-01,Nebraska,9.29,1135.72
2022-01-01,Maine,18.27,547.68
2022-01-01,Louisiana,11.45,2618.86
2022-01-01,Kentucky,11.99,2857.73
2022-01-01,Kansas,12.39,1246.27
2022-01-01,Arkansas,10.5,1765.72
2022-01-01,Arizona,12.39,2524.22
2022-01-01,Alaska,22.17,227.52
2022-01-01,Alabama,12.75,3256.49
2022-01-01,Vermont,19.17,238.5
2022-01-01,Virginia,11.97,5106.42
2022-01-01,Washington,9.94,4571.38
2022-01-01,West Virginia,11.93,1392.98
2022-01-01,Wisconsin,14.95,2292.34
2022-01-01,Wyoming,10.27,331.79
2022-01-01,New England,22.8,4832.9
2022-01-01,Mountain,11.95,8868.19
2022-01-01,Pacific Contiguous,17.25,15019.84
2022-01-01,Pacific Noncontiguous,30.13,469.53
2022-01-01,U.S. Total,13.64,140504.07
2022-01-01,Oregon,10.93,2251.49
2022-01-01,Pennsylvania,14.09,6165.95
2022-01-01,Rhode Island,23.56,283.82
2022-01-01,South Carolina,12.3,3088.57
2022-01-01,South Dakota,10.96,573.41
2022-01-01,Tennessee,11.4,4089.69
2022-01-01,Texas,12.45,13227.85
2022-01-01,Middle Atlantic,16.93,13575.98
2022-01-01,East North Central,13.8,19087.7
2022-01-01,West North Central,10.83,11487.32
2022-01-01,South Atlantic,12.2,35378.04
2022-01-01,East South Central,11.89,11885.31
2022-01-01,West South Central,11.87,19899.27
2022-01-01,Ohio,12.4,5465.41
2022-01-01,Oklahoma,10.04,2286.83
2021-12-01,Colorado,13.51,1662.52
2021-12-01,East North Central,14.09,16058.05
2021-12-01,Montana,11.12,558.78
2021-12-01,Missouri,10.54,2822.8
2021-12-01,Wyoming,10.6,298.27
2021-12-01,Washington,10.09,4254.52
2021-12-01,Virginia,11.71,4186.48
2021-12-01,Middle Atlantic,16.6,11441.43
2021-12-01,New England,22.07,4191.11
2021-12-01,Wisconsin,14.2,2031.74
2021-12-01,West Virginia,11.82,1065.04
2021-12-01,Texas,12.56,10235.03
2021-12-01,Tennessee,11.56,3430.09
2021-12-01,Vermont,19.58,204.79
2021-12-01,Utah,10.15,914.27
2021-12-01,Illinois,13.4,3735.34
2021-12-01,East South Central,11.25,9290.15
2021-12-01,South Atlantic,12.1,29453.35
2021-12-01,West North Central,11.39,9235.75
2021-12-01,Maine,17.9,495.5
2021-12-01,Indiana,13.57,2785.56
2021-12-01,Oregon,11.2,2234.45
2021-12-01,Oklahoma,10.7,1682.73
2021-12-01,Ohio,12.81,4477.89
2021-12-01,Mississippi,11.82,1319.64
2021-12-01,Idaho,10.31,985.28
2021-12-01,Minnesota,12.89,2122.98
2021-12-01,Michigan,17.26,3027.52
2021-12-01,Massachusetts,24.32,1631.28
2021-12-01,Maryland,14.07,2412.35
2021-12-01,Florida,12.09,9233.03
2021-12-01,South Carolina,12.8,2459.24
2021-12-01,Rhode Island,25.17,232.56
2021-12-01,Pennsylvania,14.37,4975.09
2021-12-01,North Carolina,11.14,5043.47
2021-12-01,New York,19.56,4223.9
2021-12-01,South Dakota,11.5,482.73
2021-12-01,North Dakota,9.36,563.25
2021-12-01,Arkansas,10.99,1390.34
2021-12-01,Arizona,12.62,2361.34
2021-12-01,Alaska,22.14,224.38
2021-12-01,Alabama,9.66,2385.84
2021-12-01,New Mexico,13.03,582.36
2021-12-01,Hawaii,35.85,249.68
2021-12-01,Georgia,12.07,4425.87
2021-12-01,New Jersey,15.97,2242.44
2021-12-01,West South Central,12.08,15350.59
2021-12-01,Pacific Noncontiguous,29.36,474.07
2021-12-01,Pacific Contiguous,17.34,13871.74
2021-12-01,Mountain,12.06,8329.27
2021-12-01,U.S. Total,13.72,117695.51
2021-12-01,Louisiana,11.56,2042.49
2021-12-01,Kentucky,12.19,2154.58
2021-12-01,Kansas,12.75,992.08
2021-12-01,Nevada,12.18,966.46
2021-12-01,Nebraska,10.11,936.42
2021-12-01,New Hampshire,21.02,450.49
2021-12-01,Iowa,11.52,1315.48
2021-12-01,District of Columbia,13.34,201.24
2021-12-01,Delaware,12.57,426.63
2021-12-01,California,23.38,7382.77
2021-12-01,Connecticut,20.93,1176.49
2021-11-01,Maine,18.19,365.25
2021-11-01,South Dakota,11.94,371.7
2021-11-01,Alaska,22.56,197.2
2021-11-01,Alabama,13.3,2229.24
2021-11-01,U.S. Total,14.07,100590.97
2021-11-01,Pacific Noncontiguous,29.21,434.01
2021-11-01,Pacific Contiguous,17.93,10516.86
2021-11-01,Florida,12.49,8626.88
2021-11-01,District of Columbia,14.07,176.7
2021-11-01,Delaware,13.86,332.63
2021-11-01,Connecticut,21.4,934.75
2021-11-01,Colorado,13.77,1386.6
2021-11-01,California,23.87,5795.62
2021-11-01,Arkansas,11.68,1208.3
2021-11-01,Arizona,12.31,2032.86
2021-11-01,Mountain,12.16,6839.05
2021-11-01,West South Central,12.41,14062.42
2021-11-01,East South Central,12.36,8222.12
2021-11-01,South Atlantic,12.44,25928.05
2021-11-01,West North Central,12.01,7486.83
2021-11-01,East North Central,14.64,13901.09
2021-11-01,Middle Atlantic,16.72,9731.66
2021-11-01,New England,21.87,3468.89
2021-11-01,Wyoming,10.93,236.78
2021-11-01,Wisconsin,14.7,1692.85
2021-11-01,West Virginia,12.89,904.51
2021-11-01,Washington,10.22,3083.41
2021-11-01,Virginia,11.81,3363.4
2021-11-01,Vermont,20.13,171.58
2021-11-01,Utah,10.21,756.35
2021-11-01,Texas,12.78,9391.57
2021-11-01,Tennessee,11.61,2869.67
2021-11-01,Kentucky,12.49,1910.99
2021-11-01,Kansas,13.37,864.8
2021-11-01,Iowa,12.22,968.37
2021-11-01,Indiana,14.27,2427.67
2021-11-01,Illinois,14.33,3251.76
2021-11-01,Idaho,10.19,754.09
2021-11-01,Hawaii,34.74,236.81
2021-11-01,Georgia,12.27,4173.76
2021-11-01,South Carolina,13.78,2112.82
2021-11-01,Rhode Island,22.84,213.12
2021-11-01,Pennsylvania,14.13,4234.89
2021-11-01,New Mexico,13.52,468.78
2021-11-01,New Jersey,16.13,1919.16
2021-11-01,New Hampshire,21.16,341.23
2021-11-01,Nevada,12.67,768.4
2021-11-01,Oregon,11.43,1637.83
2021-11-01,Oklahoma,11.65,1455.18
2021-11-01,Ohio,13.06,3869.87
2021-11-01,North Dakota,10.91,404.72
2021-11-01,North Carolina,11.44,4168.05
2021-11-01,New York,20.09,3577.61
2021-11-01,Nebraska,10.83,722.18
2021-11-01,Montana,11.38,435.18
2021-11-01,Missouri,10.92,2442.51
2021-11-01,Mississippi,12.23,1212.22
2021-11-01,Minnesota,13.54,1712.56
2021-11-01,Louisiana,11.66,2007.37
2021-11-01,Michigan,17.61,2658.93
2021-11-01,Massachusetts,23.33,1442.96
2021-11-01,Maryland,13.65,2069.3
2021-10-01,Alabama,13.7,2229.73
2021-10-01,Louisiana,11.69,2311.69
2021-10-01,Kentucky,12.28,1695.22
2021-10-01,Kansas,13.19,926.29
2021-10-01,South Carolina,13.49,2259.29
2021-10-01,U.S. Total,14.06,103992.21
2021-10-01,Pacific Noncontiguous,29.92,406.38
2021-10-01,Pacific Contiguous,17.6,10264.27
2021-10-01,Rhode Island,22.39,230.72
2021-10-01,Pennsylvania,14.49,3659.65
2021-10-01,Oregon,11.77,1428.37
2021-10-01,Oklahoma,12.91,1588.3
2021-10-01,New York,20.66,3707.84
2021-10-01,New Mexico,13.62,496.79
2021-10-01,Ohio,13.28,3605.38
2021-10-01,North Dakota,11.63,304.83
2021-10-01,North Carolina,12.1,4070.15
2021-10-01,New Jersey,16.18,1868.04
2021-10-01,New Hampshire,21.06,314.5
2021-10-01,Nevada,12.58,837.66
2021-10-01,Nebraska,11.35,677.89
2021-10-01,Montana,11.71,346.69
2021-10-01,Missouri,11.2,2274.63
2021-10-01,Mississippi,11.8,1397.98
2021-10-01,Tennessee,11.43,2882.82
2021-10-01,South Dakota,12.67,331.46
2021-10-01,Mountain,12.51,7116.57
2021-10-01,West South Central,12.39,17464.54
2021-10-01,East South Central,12.28,8205.75
2021-10-01,South Atlantic,12.57,27739.35
2021-10-01,West North Central,12.39,7090.65
2021-10-01,East North Central,14.72,13143.32
2021-10-01,Middle Atlantic,17.31,9235.53
2021-10-01,New England,21.9,3325.86
2021-10-01,Wyoming,11.66,190.62
2021-10-01,Wisconsin,14.92,1606.31
2021-10-01,West Virginia,13.66,661.77
2021-10-01,Washington,10.39,2642.22
2021-10-01,Virginia,12.37,2960.91
2021-10-01,Vermont,20.55,154.54
2021-10-01,Utah,10.46,720.91
2021-10-01,Texas,12.54,12235.32
2021-10-01,Florida,12.12,11436.52
2021-10-01,District of Columbia,13.8,174.44
2021-10-01,Delaware,13.64,329.43
2021-10-01,Connecticut,22.93,839.87
2021-10-01,Colorado,13.73,1435.97
2021-10-01,Iowa,12.5,1003.99
2021-10-01,Indiana,14.25,2211.31
2021-10-01,Illinois,13.98,3163.84
2021-10-01,Idaho,10.58,611.36
2021-10-01,Hawaii,34.48,242.12
2021-10-01,Georgia,12.86,4161.52
2021-10-01,California,22.02,6193.68
2021-10-01,Arkansas,11.62,1329.23
2021-10-01,Arizona,12.82,2476.57
2021-10-01,Minnesota,14.11,1571.56
2021-10-01,Michigan,17.97,2556.47
2021-10-01,Massachusetts,22.48,1434.0
2021-10-01,Maryland,14.5,1685.3
2021-10-01,Maine,18.17,352.23
2021-10-01,Alaska,23.19,164.26
2021-09-01,New Jersey,16.29,2595.74
2021-09-01,Nevada,11.21,1474.44
2021-09-01,New Hampshire,20.66,402.23
2021-09-01,Nebraska,11.69,869.06
2021-09-01,Montana,11.82,361.91
2021-09-01,Missouri,13.06,3046.69
2021-09-01,Mississippi,11.44,1848.54
2021-09-01,Louisiana,11.69,2848.63
2021-09-01,Kentucky,11.78,2125.23
2021-09-01,New England,22.22,4291.34
2021-09-01,Kansas,12.91,1342.1
2021-09-01,Iowa,13.85,1125.67
2021-09-01,Wyoming,12.01,183.93
2021-09-01,Wisconsin,14.99,1697.74
2021-09-01,West Virginia,12.7,754.55
2021-09-01,Washington,10.41,2395.72
2021-09-01,Delaware,13.21,455.96
2021-09-01,Connecticut,22.47,1137.79
2021-09-01,Colorado,13.82,1803.41
2021-09-01,California,23.49,9038.23
2021-09-01,Pacific Noncontiguous,30.23,386.61
2021-09-01,Pacific Contiguous,19.81,12766.16
2021-09-01,Maryland,13.28,2191.97
2021-09-01,Maine,17.98,437.36
2021-09-01,Alaska,23.18,147.33
2021-09-01,Alabama,13.48,2820.87
2021-09-01,Massachusetts,23.44,1882.69
2021-09-01,Virginia,12.33,3716.74
2021-09-01,Vermont,19.54,159.87
2021-09-01,Utah,10.9,921.72
2021-09-01,Rhode Island,23.35,271.41
2021-09-01,Pennsylvania,14.06,4464.63
2021-09-01,Oregon,11.71,1332.22
2021-09-01,Tennessee,11.16,3934.25
2021-09-01,South Dakota,13.14,365.48
2021-09-01,U.S. Total,14.14,131111.3
2021-09-01,Mountain,12.46,9877.02
2021-09-01,West South Central,12.13,23637.08
2021-09-01,East South Central,11.94,10728.89
2021-09-01,South Carolina,13.4,2763.78
2021-09-01,South Atlantic,12.51,33449.21
2021-09-01,West North Central,13.24,8713.56
2021-09-01,East North Central,14.18,15268.63
2021-09-01,Middle Atlantic,17.19,11992.81
2021-09-01,New Mexico,14.53,618.83
2021-09-01,Ohio,13.14,4263.11
2021-09-01,North Dakota,12.83,293.53
2021-09-01,North Carolina,11.83,5253.37
2021-09-01,New York,20.5,4932.44
2021-09-01,Minnesota,14.3,1671.03
2021-09-01,Michigan,17.64,2671.1
2021-09-01,Indiana,13.56,2802.91
2021-09-01,Illinois,13.02,3833.76
2021-09-01,Idaho,10.4,584.53
2021-09-01,Hawaii,34.57,239.28
2021-09-01,Georgia,12.87,5178.02
2021-09-01,Florida,12.34,12925.19
2021-09-01,District of Columbia,13.02,209.63
2021-09-01,Arkansas,11.8,1858.88
2021-09-01,Arizona,12.74,3928.24
2021-09-01,Oklahoma,12.03,2347.83
2021-09-01,Texas,12.26,16581.74
2021-08-01,Alabama,13.38,3397.28
2021-08-01,Pacific Contiguous,19.61,14679.99
2021-08-01,Mountain,12.28,12222.02
2021-08-01,U.S. Total,13.92,157791.77
2021-08-01,Pacific Noncontiguous,29.75,404.68
2021-08-01,West South Central,11.79,26289.52
2021-08-01,East South Central,11.9,12604.46
2021-08-01,South Atlantic,12.27,39429.42
2021-08-01,Alaska,23.27,145.04
2021-08-01,Massachusetts,22.19,2112.84
2021-08-01,Michigan,17.87,4030.11
2021-08-01,Maine,17.13,436.39
2021-08-01,Maryland,12.89,2883.33
2021-08-01,South Dakota,12.8,457.47
2021-08-01,North Dakota,11.99,384.18
2021-08-01,Tennessee,11.14,4452.49
2021-08-01,Pennsylvania,13.86,5554.69
2021-08-01,Rhode Island,20.35,366.51
2021-08-01,Arkansas,11.6,2021.69
2021-08-01,California,23.39,10279.15
2021-08-01,Colorado,13.5,2250.16
2021-08-01,Kentucky,11.63,2742.29
2021-08-01,Louisiana,11.45,3403.77
2021-08-01,Indiana,13.34,3537.59
2021-08-01,Montana,11.61,471.13
2021-08-01,Nebraska,11.55,1027.97
2021-08-01,Minnesota,14.01,2258.38
2021-08-01,Mississippi,11.46,2012.4
2021-08-01,South Carolina,12.83,3449.81
2021-08-01,Ohio,13.03,5654.16
2021-08-01,Oklahoma,11.37,2784.74
2021-08-01,Oregon,11.57,1650.69
2021-08-01,New York,19.97,5659.42
2021-08-01,North Carolina,11.33,6442.32
2021-08-01,Iowa,14.58,1452.97
2021-08-01,Kansas,13.1,1667.82
2021-08-01,New Jersey,16.75,3746.76
2021-08-01,New Mexico,14.42,767.7
2021-08-01,Nevada,10.98,1923.76
2021-08-01,New Hampshire,19.58,474.49
2021-08-01,Hawaii,33.36,259.64
2021-08-01,Idaho,10.71,762.45
2021-08-01,Illinois,12.85,5600.98
2021-08-01,District of Columbia,13.08,283.79
2021-08-01,Florida,11.84,13914.73
2021-08-01,Georgia,13.23,6416.27
2021-08-01,Missouri,13.16,3833.22
2021-08-01,Connecticut,20.8,1370.41
2021-08-01,Delaware,12.14,546.46
2021-08-01,Arizona,12.58,4656.93
2021-08-01,Wyoming,11.61,216.83
2021-08-01,New England,20.85,4962.84
2021-08-01,Middle Atlantic,16.89,14960.87
2021-08-01,East North Central,14.11,21155.96
2021-08-01,West North Central,13.3,11082.01
2021-08-01,West Virginia,12.21,963.81
2021-08-01,Wisconsin,14.44,2333.13
2021-08-01,Virginia,12.71,4528.89
2021-08-01,Washington,10.29,2750.15
2021-08-01,Texas,11.94,18079.32
2021-08-01,Utah,10.94,1173.07
2021-08-01,Vermont,19.1,202.2
2021-07-01,Alaska,23.39,144.29
2021-07-01,Mississippi,11.48,1920.8
2021-07-01,Minnesota,14.06,2278.64
2021-07-01,Michigan,17.8,3687.1
2021-07-01,Oklahoma,11.19,2674.02
2021-07-01,Ohio,13.08,5301.08
2021-07-01,North Dakota,12.25,398.21
2021-07-01,North Carolina,11.38,6132.81
2021-07-01,New York,19.64,5512.32
2021-07-01,New Mexico,14.39,768.87
2021-07-01,Middle Atlantic,16.75,14752.8
2021-07-01,New England,21.37,4660.65
2021-07-01,Wyoming,11.69,234.91
2021-07-01,Wisconsin,14.54,2315.69
2021-07-01,New Jersey,16.94,3769.61
2021-07-01,New Hampshire,19.05,459.22
2021-07-01,Nevada,10.85,2133.78
2021-07-01,Nebraska,11.54,1086.82
2021-07-01,West Virginia,12.1,977.6
2021-07-01,Washington,10.26,2813.09
2021-07-01,Virginia,12.53,4744.17
2021-07-01,Vermont,18.97,182.24
2021-07-01,Utah,10.93,1385.68
2021-07-01,Texas,11.73,17237.47
2021-07-01,Tennessee,11.17,4255.78
2021-07-01,South Dakota,12.83,452.86
2021-07-01,South Carolina,12.6,3340.11
2021-07-01,Rhode Island,20.51,323.38
2021-07-01,Pennsylvania,13.7,5470.87
2021-07-01,Oregon,11.53,1699.31
2021-07-01,Hawaii,33.48,253.78
2021-07-01,Georgia,13.47,6238.44
2021-07-01,Florida,11.78,13370.39
2021-07-01,District of Columbia,12.87,280.17
2021-07-01,Massachusetts,22.88,1997.11
2021-07-01,Maryland,12.95,2890.73
2021-07-01,Maine,16.37,429.97
2021-07-01,Louisiana,10.9,3262.88
2021-07-01,Kentucky,11.59,2638.47
2021-07-01,Kansas,13.12,1563.07
2021-07-01,Iowa,14.39,1510.57
2021-07-01,Indiana,13.34,3310.94
2021-07-01,Illinois,12.68,5064.66
2021-07-01,Idaho,10.39,950.23
2021-07-01,Montana,11.54,496.12
2021-07-01,Missouri,13.15,3673.71
2021-07-01,Alabama,13.23,3267.55
2021-07-01,U.S. Total,13.83,154494.57
2021-07-01,Pacific Noncontiguous,29.82,398.07
2021-07-01,Pacific Contiguous,19.02,15285.51
2021-07-01,Mountain,12.17,13032.19
2021-07-01,West South Central,11.55,25106.14
2021-07-01,East South Central,11.87,12082.58
2021-07-01,South Atlantic,12.26,38533.26
2021-07-01,West North Central,13.3,10963.88
2021-07-01,East North Central,14.08,19679.48
2021-07-01,Delaware,11.84,558.84
2021-07-01,Connecticut,22.1,1268.73
2021-07-01,Colorado,13.39,2232.66
2021-07-01,California,22.49,10773.12
2021-07-01,Arkansas,11.55,1931.77
2021-07-01,Arizona,12.64,4829.93
2021-06-01,District of Columbia,12.96,217.79
2021-06-01,U.S. Total,13.83,132153.49
2021-06-01,Pacific Noncontiguous,29.47,379.15
2021-06-01,East North Central,14.27,17782.27
2021-06-01,Middle Atlantic,16.65,12332.03
2021-06-01,New England,20.7,4251.04
2021-06-01,South Dakota,12.91,405.24
2021-06-01,South Atlantic,12.32,33343.31
2021-06-01,West North Central,13.32,9710.68
2021-06-01,Utah,10.76,1206.22
2021-06-01,Washington,10.15,2717.3
2021-06-01,New Mexico,13.88,681.35
2021-06-01,New Jersey,16.38,3175.18
2021-06-01,Wyoming,12.03,217.83
2021-06-01,Wisconsin,14.68,2114.68
2021-06-01,West Virginia,12.21,814.29
2021-06-01,Nebraska,11.25,905.58
2021-06-01,Pacific Contiguous,18.59,11867.5
2021-06-01,Mountain,12.14,11584.98
2021-06-01,West South Central,11.84,20875.15
2021-06-01,East South Central,12.01,10027.38
2021-06-01,Pennsylvania,13.99,4654.39
2021-06-01,Idaho,9.93,786.11
2021-06-01,Hawaii,32.97,238.12
2021-06-01,Tennessee,11.36,3437.06
2021-06-01,Texas,12.04,14379.22
2021-06-01,Virginia,12.41,3925.04
2021-06-01,Vermont,19.34,177.84
2021-06-01,Oklahoma,11.29,2201.52
2021-06-01,Iowa,13.99,1327.64
2021-06-01,Indiana,13.64,2910.06
2021-06-01,Illinois,12.83,4693.57
2021-06-01,Georgia,13.52,5338.25
2021-06-01,Oregon,11.51,1601.08
2021-06-01,New Hampshire,19.27,422.83
2021-06-01,Nevada,11.22,1791.62
2021-06-01,Maine,16.57,386.77
2021-06-01,Louisiana,11.35,2785.68
2021-06-01,Kentucky,11.46,2237.67
2021-06-01,Montana,11.5,394.25
2021-06-01,Missouri,13.22,3162.3
2021-06-01,Mississippi,11.77,1583.02
2021-06-01,Minnesota,14.17,2184.82
2021-06-01,Rhode Island,19.74,294.82
2021-06-01,Florida,11.88,12243.04
2021-06-01,Kansas,13.33,1376.98
2021-06-01,California,23.13,7549.11
2021-06-01,Arizona,12.66,4572.97
2021-06-01,Michigan,17.85,3429.75
2021-06-01,Massachusetts,22.2,1745.85
2021-06-01,Maryland,13.07,2426.14
2021-06-01,South Carolina,12.94,2766.92
2021-06-01,Delaware,12.4,430.56
2021-06-01,Ohio,13.31,4634.21
2021-06-01,North Dakota,12.23,348.11
2021-06-01,North Carolina,11.34,5181.29
2021-06-01,Connecticut,20.8,1222.94
2021-06-01,Colorado,13.07,1934.63
2021-06-01,Alaska,23.58,141.03
2021-06-01,Alabama,13.4,2769.62
2021-06-01,Arkansas,11.64,1508.73
2021-06-01,New York,19.6,4502.46
2021-05-01,Minnesota,13.63,1580.0
2021-05-01,West South Central,11.86,15212.72
2021-05-01,U.S. Total,13.86,101160.29
2021-05-01,Pacific Noncontiguous,29.07,377.67
2021-05-01,Pacific Contiguous,18.24,10443.15
2021-05-01,Mountain,12.1,8101.12
2021-05-01,Wyoming,11.41,193.09
2021-05-01,West Virginia,12.56,711.48
2021-05-01,Washington,10.21,2554.68
2021-05-01,Wisconsin,15.29,1573.75
2021-05-01,East North Central,14.68,12972.65
2021-05-01,Middle Atlantic,16.6,9033.84
2021-05-01,West North Central,12.58,6869.88
2021-05-01,Nebraska,11.26,652.9
2021-05-01,East South Central,12.22,7660.44
2021-05-01,South Atlantic,12.21,27294.43
2021-05-01,New England,21.34,3194.4
2021-05-01,Nevada,11.12,1108.95
2021-05-01,Virginia,12.06,2955.62
2021-05-01,Vermont,19.57,150.31
2021-05-01,Utah,10.03,741.23
2021-05-01,Texas,12.09,10486.28
2021-05-01,Kentucky,11.84,1701.52
2021-05-01,Kansas,13.84,864.59
2021-05-01,Iowa,13.37,957.05
2021-05-01,Pennsylvania,13.85,3625.92
2021-05-01,New Hampshire,19.95,322.84
2021-05-01,Montana,11.28,374.96
2021-05-01,Massachusetts,22.69,1333.83
2021-05-01,Maryland,12.88,1844.22
2021-05-01,Maine,16.61,342.11
2021-05-01,Louisiana,11.67,2085.04
2021-05-01,South Carolina,12.89,2202.3
2021-05-01,Rhode Island,20.8,210.68
2021-05-01,North Dakota,11.96,299.62
2021-05-01,North Carolina,11.65,4024.06
2021-05-01,Tennessee,11.43,2589.17
2021-05-01,South Dakota,13.09,328.16
2021-05-01,Ohio,12.99,3556.96
2021-05-01,Oregon,11.63,1345.18
2021-05-01,Oklahoma,10.88,1504.35
2021-05-01,Indiana,14.12,2166.84
2021-05-01,Illinois,14.18,3093.18
2021-05-01,Idaho,10.32,590.84
2021-05-01,Hawaii,32.99,229.25
2021-05-01,Georgia,13.16,4188.37
2021-05-01,Connecticut,22.11,834.64
2021-05-01,Colorado,12.53,1489.62
2021-05-01,Florida,11.76,10863.19
2021-05-01,District of Columbia,13.36,179.8
2021-05-01,Delaware,13.36,325.41
2021-05-01,Michigan,17.7,2581.91
2021-05-01,Alabama,13.42,2178.5
2021-05-01,California,22.74,6543.28
2021-05-01,Arkansas,11.34,1137.04
2021-05-01,Arizona,13.04,3115.25
2021-05-01,Alaska,23.02,148.42
2021-05-01,New Jersey,15.95,2016.45
2021-05-01,New York,19.93,3391.47
2021-05-01,New Mexico,13.17,487.19
2021-05-01,Missouri,11.38,2187.56
2021-05-01,Mississippi,12.25,1191.25
2021-04-01,Montana,11.06,424.38
2021-04-01,Missouri,11.08,2168.28
2021-04-01,Mississippi,11.96,1129.65
2021-04-01,Minnesota,13.25,1613.96
2021-04-01,Michigan,17.58,2394.61
2021-04-01,Massachusetts,23.45,1396.73
2021-04-01,Hawaii,32.92,209.59
2021-04-01,Maryland,12.96,1736.44
2021-04-01,Maine,16.45,423.93
2021-04-01,Louisiana,11.02,1813.05
2021-04-01,Kentucky,12.09,1626.1
2021-04-01,New York,18.55,3495.22
2021-04-01,New Mexico,12.96,454.14
2021-04-01,New Jersey,16.5,1775.58
2021-04-01,New Hampshire,19.81,331.63
2021-04-01,Nevada,12.16,821.14
2021-04-01,Nebraska,11.48,644.52
2021-04-01,U.S. Total,13.73,93890.88
2021-04-01,Pacific Noncontiguous,28.19,376.92
2021-04-01,Pacific Contiguous,17.53,9773.11
2021-04-01,Mountain,11.84,7123.04
2021-04-01,West South Central,11.79,13476.36
2021-04-01,East South Central,12.26,7414.56
2021-04-01,South Atlantic,12.06,24386.53
2021-04-01,West North Central,12.13,6900.71
2021-04-01,South Dakota,11.93,368.77
2021-04-01,South Carolina,12.99,2018.28
2021-04-01,Rhode Island,23.54,203.29
2021-04-01,Pennsylvania,13.73,3598.85
2021-04-01,Oregon,11.37,1468.01
2021-04-01,Oklahoma,11.41,1338.11
2021-04-01,Ohio,13.11,3421.19
2021-04-01,North Dakota,10.82,352.38
2021-04-01,Iowa,12.32,950.09
2021-04-01,North Carolina,11.51,4113.25
2021-04-01,East North Central,14.49,12220.63
2021-04-01,Middle Atlantic,16.18,8869.66
2021-04-01,New England,22.1,3349.36
2021-04-01,Wyoming,11.08,227.81
2021-04-01,Wisconsin,14.59,1542.58
2021-04-01,West Virginia,12.42,693.61
2021-04-01,Washington,10.14,2980.93
2021-04-01,Virginia,12.66,2438.4
2021-04-01,Vermont,19.46,154.7
2021-04-01,Utah,9.99,686.28
2021-04-01,Texas,12.08,9225.57
2021-04-01,Tennessee,11.51,2693.12
2021-04-01,Kansas,13.66,802.69
2021-04-01,Connecticut,23.76,839.09
2021-04-01,Indiana,13.84,2085.0
2021-04-01,Illinois,13.98,2777.25
2021-04-01,Colorado,12.46,1435.58
2021-04-01,California,23.37,5324.17
2021-04-01,Arkansas,11.09,1099.63
2021-04-01,Arizona,12.52,2399.87
2021-04-01,Georgia,12.13,3660.73
2021-04-01,Florida,11.68,9220.07
2021-04-01,Delaware,12.69,348.85
2021-04-01,Alaska,22.27,167.33
2021-04-01,Alabama,13.61,1965.68
2021-04-01,District of Columbia,13.31,156.9
2021-04-01,Idaho,9.62,673.83
2021-03-01,Kentucky,10.98,2063.75
2021-03-01,Kansas,12.92,923.02
2021-03-01,District of Columbia,12.88,196.06
2021-03-01,Delaware,12.06,439.51
2021-03-01,Connecticut,22.72,1044.91
2021-03-01,Colorado,12.26,1621.18
2021-03-01,Pacific Contiguous,16.97,13329.22
2021-03-01,Mountain,11.6,7466.7
2021-03-01,East South Central,11.46,9397.89
2021-03-01,South Atlantic,11.78,28170.44
2021-03-01,West North Central,11.34,8499.9
2021-03-01,U.S. Total,13.24,114373.98
2021-03-01,Pacific Noncontiguous,27.82,420.49
2021-03-01,Mississippi,11.36,1505.62
2021-03-01,Minnesota,12.97,1950.25
2021-03-01,Michigan,17.18,2676.53
2021-03-01,Massachusetts,23.08,1592.5
2021-03-01,West South Central,11.1,17855.86
2021-03-01,South Dakota,11.27,450.24
2021-03-01,South Carolina,12.96,2282.38
2021-03-01,Rhode Island,23.34,242.02
2021-03-01,Pennsylvania,13.22,4615.72
2021-03-01,Oregon,11.14,1882.69
2021-03-01,Oklahoma,8.85,1618.44
2021-03-01,Montana,10.91,542.82
2021-03-01,Missouri,10.26,2648.68
2021-03-01,California,22.04,7544.2
2021-03-01,Arkansas,10.39,1667.48
2021-03-01,Arizona,12.15,2150.05
2021-03-01,Alaska,22.0,199.33
2021-03-01,Alabama,13.23,2306.3
2021-03-01,Nebraska,10.03,901.06
2021-03-01,North Carolina,11.28,4605.51
2021-03-01,New York,18.04,4115.0
2021-03-01,New Mexico,12.61,536.72
2021-03-01,Vermont,18.71,188.04
2021-03-01,Utah,9.98,764.22
2021-03-01,Texas,11.7,12105.31
2021-03-01,Tennessee,10.63,3522.22
2021-03-01,West Virginia,12.49,960.89
2021-03-01,Washington,9.97,3902.33
2021-03-01,New Jersey,15.95,2143.25
2021-03-01,New Hampshire,19.22,411.84
2021-03-01,Virginia,11.55,3835.62
2021-03-01,Ohio,12.38,4102.82
2021-03-01,North Dakota,10.2,430.26
2021-03-01,East North Central,13.96,14423.6
2021-03-01,Middle Atlantic,15.58,10873.97
2021-03-01,New England,21.62,3935.91
2021-03-01,Wyoming,10.76,276.98
2021-03-01,Wisconsin,14.32,1800.94
2021-03-01,Nevada,11.94,813.52
2021-03-01,Maryland,12.78,2203.42
2021-03-01,Florida,11.53,9383.74
2021-03-01,Idaho,9.96,761.2
2021-03-01,Hawaii,33.07,221.17
2021-03-01,Georgia,11.72,4263.29
2021-03-01,Illinois,13.82,3268.8
2021-03-01,Iowa,11.26,1196.39
2021-03-01,Indiana,13.04,2574.49
2021-03-01,Maine,16.41,456.61
2021-03-01,Louisiana,10.14,2464.62
2021-02-01,Mountain,11.54,7480.81
2021-02-01,Massachusetts,22.67,1793.7
2021-02-01,Maryland,12.47,2699.72
2021-02-01,Maine,16.23,468.13
2021-02-01,Louisiana,9.97,2524.47
2021-02-01,Kentucky,10.31,2730.74
2021-02-01,Kansas,12.21,1247.13
2021-02-01,U.S. Total,13.01,126549.56
2021-02-01,Pacific Noncontiguous,27.13,399.58
2021-02-01,New York,18.83,4377.58
2021-02-01,New Mexico,12.83,560.58
2021-02-01,New Jersey,16.36,2225.32
2021-02-01,Vermont,18.39,205.78
2021-02-01,Utah,9.98,771.76
2021-02-01,Texas,12.69,11722.65
2021-02-01,Tennessee,10.23,4373.79
2021-02-01,South Dakota,12.29,527.39
2021-02-01,South Carolina,12.61,2686.53
2021-02-01,West Virginia,11.1,1196.8
2021-02-01,Washington,9.81,3940.54
2021-02-01,Virginia,11.24,4729.66
2021-02-01,Rhode Island,24.09,255.39
2021-02-01,Pennsylvania,13.06,5311.78
2021-02-01,Oregon,10.99,1940.37
2021-02-01,Oklahoma,10.97,2317.68
2021-02-01,Wyoming,10.84,303.39
2021-02-01,Wisconsin,13.96,2000.42
2021-02-01,Ohio,11.64,5062.78
2021-02-01,Florida,11.79,9309.15
2021-02-01,District of Columbia,12.74,211.45
2021-02-01,Delaware,11.95,478.67
2021-02-01,Connecticut,22.75,1144.8
2021-02-01,Colorado,12.54,1597.48
2021-02-01,New Hampshire,19.27,428.78
2021-02-01,Nevada,11.82,781.85
2021-02-01,Nebraska,9.32,1059.95
2021-02-01,Montana,10.66,577.92
2021-02-01,Idaho,9.59,872.57
2021-02-01,Hawaii,32.49,200.56
2021-02-01,Georgia,11.57,4995.96
2021-02-01,North Dakota,9.47,571.1
2021-02-01,North Carolina,10.98,5653.03
2021-02-01,Iowa,11.6,1377.25
2021-02-01,Indiana,12.32,3330.05
2021-02-01,Illinois,12.19,4158.58
2021-02-01,California,22.5,6320.65
2021-02-01,Arkansas,12.17,1851.48
2021-02-01,Arizona,12.08,2015.27
2021-02-01,Alaska,21.73,199.02
2021-02-01,Alabama,12.88,2888.98
2021-02-01,Missouri,9.28,3798.0
2021-02-01,Mississippi,11.17,1649.76
2021-02-01,Minnesota,12.7,2109.39
2021-02-01,Michigan,16.95,2993.8
2021-02-01,South Atlantic,11.64,31960.98
2021-02-01,West North Central,10.76,10690.21
2021-02-01,East North Central,13.07,17545.62
2021-02-01,Middle Atlantic,15.8,11914.68
2021-02-01,New England,21.53,4296.57
2021-02-01,West South Central,12.05,18416.27
2021-02-01,East South Central,11.04,11643.27
2021-02-01,Pacific Contiguous,16.57,12201.56
2021-01-01,Louisiana,9.51,2858.54
2021-01-01,Kentucky,10.46,2807.81
2021-01-01,Alaska,21.42,206.28
2021-01-01,Arizona,11.69,2591.05
2021-01-01,Alabama,12.21,3145.57
2021-01-01,California,21.45,7540.17
2021-01-01,Colorado,12.07,1775.19
2021-01-01,Connecticut,21.32,1277.73
2021-01-01,Delaware,11.73,497.42
2021-01-01,District of Columbia,12.21,240.08
2021-01-01,Florida,11.47,9886.53
2021-01-01,Arkansas,9.48,1913.44
2021-01-01,Maine,16.49,468.01
2021-01-01,Maryland,12.6,2921.62
2021-01-01,South Dakota,10.96,502.46
2021-01-01,Tennessee,10.31,4399.99
2021-01-01,Oklahoma,8.83,2232.96
2021-01-01,Oregon,11.04,2065.14
2021-01-01,Georgia,10.77,5644.47
2021-01-01,Iowa,10.85,1466.28
2021-01-01,Kansas,11.85,1198.84
2021-01-01,Texas,11.35,13395.66
2021-01-01,Utah,9.98,908.71
2021-01-01,Vermont,18.39,222.6
2021-01-01,Mississippi,10.65,1799.05
2021-01-01,Missouri,9.3,3610.02
2021-01-01,Montana,10.7,575.3
2021-01-01,Minnesota,12.56,2192.48
2021-01-01,New Hampshire,18.93,471.85
2021-01-01,North Dakota,9.47,538.21
2021-01-01,Massachusetts,22.3,1941.77
2021-01-01,Michigan,16.92,3160.26
2021-01-01,Ohio,11.81,5221.73
2021-01-01,New Jersey,16.14,2612.84
2021-01-01,New Mexico,12.44,665.04
2021-01-01,Hawaii,30.67,245.09
2021-01-01,Idaho,10.02,968.36
2021-01-01,Illinois,12.23,4171.35
2021-01-01,Indiana,12.18,3329.53
2021-01-01,Nebraska,9.31,1008.0
2021-01-01,South Carolina,11.65,3044.35
2021-01-01,Pennsylvania,13.07,5778.69
2021-01-01,Rhode Island,23.41,287.65
2021-01-01,Nevada,11.52,951.79
2021-01-01,Virginia,10.89,5249.47
2021-01-01,New York,18.31,4661.63
2021-01-01,North Carolina,10.39,6227.36
2021-01-01,Washington,9.77,3986.35
2021-01-01,Pacific Contiguous,16.44,13591.66
2021-01-01,East South Central,10.89,12152.41
2021-01-01,West South Central,10.64,20400.6
2021-01-01,Mountain,11.33,8752.49
2021-01-01,West Virginia,11.19,1346.36
2021-01-01,Wisconsin,14.03,2154.21
2021-01-01,Pacific Noncontiguous,26.44,451.37
2021-01-01,U.S. Total,12.62,136682.35
2021-01-01,Wyoming,10.44,317.05
2021-01-01,New England,20.99,4669.61
2021-01-01,Middle Atlantic,15.56,13053.15
2021-01-01,East North Central,13.14,18037.09
2021-01-01,South Atlantic,11.19,35057.67
2021-01-01,West North Central,10.57,10516.31
